male,anzughosen,tmr.ha,8,https://www.vinted.de/herren/kleidung/anzuge-and-blazer/anzughosen/1245209343-zara-hose-mit-weiten-beinen,Zara,S,"[<selenium.webdriver.remote.webelement.WebElement (session=""00d0a6afd8e280399f8f287cc168ecd8"", element=""6866ffe4-c2a1-4b4c-8cd4-6e9385097c34"")>]",https://www.vinted.de/herren/kleidung/anzuge-and-blazer/anzughosen/1245209343-zara-hose-mit-weiten-beinen
female,turnschuhe,manuela.nandrin,17,https://www.vinted.de/damen/schuhe/turnschuhe/laufschuhe/1055123161-puma-sneaker-grosse-39,Puma,39,"[<selenium.webdriver.remote.webelement.WebElement (session=""3b7022163f25f3d9678979d4846f6e4d"", element=""182cfb97-2fae-4539-96d7-3aaf8f51be4d"")>]",https://www.vinted.de/damen/schuhe/turnschuhe/laufschuhe/1055123161-puma-sneaker-grosse-39
female,turnschuhe,manuela.nandrin,17,Puma,39,"[<selenium.webdriver.remote.webelement.WebElement (session=""8d3e9add6cb039184fcbb7d74586bc97"", element=""7506d9d6-d2a3-4a33-be51-a77f62870513"")>]",https://www.vinted.de/damen/schuhe/turnschuhe/laufschuhe/1055123161-puma-sneaker-grosse-39
female,turnschuhe,manuela.nandrin,17,Puma,39,"40,00 €",https://www.vinted.de/damen/schuhe/turnschuhe/laufschuhe/1055123161-puma-sneaker-grosse-39
female,turnschuhe,manuela.nandrin,17,Puma,39,"40,00 €",https://www.vinted.de/damen/schuhe/turnschuhe/laufschuhe/1055123161-puma-sneaker-grosse-39
female,turnschuhe,manuela.nandrin,17,Puma,39,"40,00 €",https://www.vinted.de/damen/schuhe/turnschuhe/laufschuhe/1055123161-puma-sneaker-grosse-39
female,turnschuhe,manuela.nandrin,17,Puma,39,"40,00 €",https://www.vinted.de/damen/schuhe/turnschuhe/laufschuhe/1055123161-puma-sneaker-grosse-39
female,turnschuhe,manuela.nandrin,17,Puma,39,"40,00 €",https://www.vinted.de/damen/schuhe/turnschuhe/laufschuhe/1055123161-puma-sneaker-grosse-39
female,turnschuhe,manuela.nandrin,17,Puma,39,"40,00 €",https://www.vinted.de/damen/schuhe/turnschuhe/laufschuhe/1055123161-puma-sneaker-grosse-39
female,turnschuhe,manuela.nandrin,17,Puma,39,"40,00 €",https://www.vinted.de/damen/schuhe/turnschuhe/laufschuhe/1055123161-puma-sneaker-grosse-39
female,turnschuhe,manuela.nandrin,17,Puma,39,"40,00 €",https://www.vinted.de/damen/schuhe/turnschuhe/laufschuhe/1055123161-puma-sneaker-grosse-39
female,turnschuhe,manuela.nandrin,17,Puma,39,"40,00 €",https://www.vinted.de/damen/schuhe/turnschuhe/laufschuhe/1055123161-puma-sneaker-grosse-39
female,turnschuhe,manuela.nandrin,17,Puma,39,"40,00 €",https://www.vinted.de/damen/schuhe/turnschuhe/laufschuhe/1055123161-puma-sneaker-grosse-39
female,turnschuhe,manuela.nandrin,17,Puma,39,"40,00 €",https://www.vinted.de/damen/schuhe/turnschuhe/laufschuhe/1055123161-puma-sneaker-grosse-39
female,turnschuhe,manuela.nandrin,17,Puma,39,"40,00 €",https://www.vinted.de/damen/schuhe/turnschuhe/laufschuhe/1055123161-puma-sneaker-grosse-39
female,turnschuhe,manuela.nandrin,17,Puma,39,"40,00 €",https://www.vinted.de/damen/schuhe/turnschuhe/laufschuhe/1055123161-puma-sneaker-grosse-39
female,ohrringe,manuela.nandrin,87,,Purelei,"30,00 €",https://www.vinted.de/damen/accessoires/schmuck/ohrringe/823473422-purelei-kapakai-ohrringe-gold
female,stiefelette,manuela.nandrin,19,Tamaris,39,"18,00 €",https://www.vinted.de/damen/schuhe/stiefelette/1008046459-tamaris-wildleder-stiefelette-grosse-39
female,turnschuhe,manuela.nandrin,19,Tamaris,39,"15,00 €",https://www.vinted.de/damen/schuhe/turnschuhe/695588344-tamaris-sneaker-turnschuh-glitzer-gr39
female,turnschuhe,manuela.nandrin,17,Puma,39,"40,00 €",https://www.vinted.de/damen/schuhe/turnschuhe/laufschuhe/1055123161-puma-sneaker-grosse-39
female,ohrringe,manuela.nandrin,87,,Purelei,"30,00 €",https://www.vinted.de/damen/accessoires/schmuck/ohrringe/823473422-purelei-kapakai-ohrringe-gold
female,stiefelette,manuela.nandrin,19,Tamaris,39,"18,00 €",https://www.vinted.de/damen/schuhe/stiefelette/1008046459-tamaris-wildleder-stiefelette-grosse-39
female,turnschuhe,manuela.nandrin,17,Puma,39,"40,00 €",https://www.vinted.de/damen/schuhe/turnschuhe/laufschuhe/1055123161-puma-sneaker-grosse-39
female,ohrringe,manuela.nandrin,87,,Purelei,"30,00 €",https://www.vinted.de/damen/accessoires/schmuck/ohrringe/823473422-purelei-kapakai-ohrringe-gold
female,stiefelette,manuela.nandrin,19,Tamaris,39,"18,00 €",https://www.vinted.de/damen/schuhe/stiefelette/1008046459-tamaris-wildleder-stiefelette-grosse-39
female,turnschuhe,manuela.nandrin,19,Tamaris,39,"15,00 €",https://www.vinted.de/damen/schuhe/turnschuhe/695588344-tamaris-sneaker-turnschuh-glitzer-gr39
female,kleider,manuela.nandrin,15,Made in italy,Einheitsgröße,"30,00 €",https://www.vinted.de/damen/kleidung/kleider/midikleider/1233281455-tunikakleid-leo-pink
female,kleider,manuela.nandrin,0,,Einheitsgröße,"30,00 €",https://www.vinted.de/damen/kleidung/kleider/midikleider/1233274542-tolles-tunikakleid-tiere-pink
female,tuniken,manuela.nandrin,6,Made in italy,Einheitsgröße,"25,00 €",https://www.vinted.de/damen/kleidung/tops-and-t-shirts/tuniken/1203132477-tolles-tunikakleid
female,tuniken,manuela.nandrin,28,Made in italy,Einheitsgröße,"30,00 €",https://www.vinted.de/damen/kleidung/tops-and-t-shirts/tuniken/1202736658-wunderschones-tunikakleid
female,kleider,manuela.nandrin,14,Made in italy,Einheitsgröße,"28,00 €",https://www.vinted.de/damen/kleidung/kleider/midikleider/1202509238-midi-kleid-leo
female,kleider,manuela.nandrin,16,Made in italy,Einheitsgröße,"30,00 €",https://www.vinted.de/damen/kleidung/kleider/midikleider/1187117010-wunderschones-tunikakleid
female,kleider,manuela.nandrin,60,Effeny,L / 40 / 12,"38,00 €",https://www.vinted.de/damen/kleidung/kleider/lange-kleider/1179035223-wunderschones-maxikleid-ml
female,tuniken,manuela.nandrin,5,Made in italy,Einheitsgröße,"30,00 €",https://www.vinted.de/damen/kleidung/tops-and-t-shirts/tuniken/1137133011-tunika-camouflage-look
female,blusen,manuela.nandrin,27,Made in italy,Einheitsgröße,"25,00 €",https://www.vinted.de/damen/kleidung/tops-and-t-shirts/blusen/1137119972-long-bluse-leo-print
female,mantel-and-jacken,manuela.nandrin,12,Made in italy,Einheitsgröße,"40,00 €",https://www.vinted.de/damen/kleidung/mantel-and-jacken/staubmantel/1094640017-oversized-regenbogenmantel-jacke
female,turnschuhe,manuela.nandrin,17,Puma,39,"40,00 €",https://www.vinted.de/damen/schuhe/turnschuhe/laufschuhe/1055123161-puma-sneaker-grosse-39
female,mantel-and-jacken,manuela.nandrin,29,Made in italy,Einheitsgröße,"30,00 €",https://www.vinted.de/damen/kleidung/mantel-and-jacken/staubmantel/1005425310-toller-oversize-mantel-einheitsgrosse
female,tuniken,manuela.nandrin,0,Made in italy,Einheitsgröße,"20,00 €",https://www.vinted.de/damen/kleidung/tops-and-t-shirts/tuniken/1153603613-tolle-tunika
female,t-shirts,manuela.nandrin,0,Janina,XL / 42 / 14,"4,50 €",https://www.vinted.de/damen/kleidung/tops-and-t-shirts/t-shirts/1243583193-janina-shirt-im-batik-look-grosse-42
female,t-shirts,manuela.nandrin,3,Janina,XL / 42 / 14,"4,50 €",https://www.vinted.de/damen/kleidung/tops-and-t-shirts/t-shirts/1243580380-janina-shirt-im-batik-look-grosse-42
female,jeans,manuela.nandrin,2,Buena Vista,S / 36 / 8,"30,00 €",https://www.vinted.de/damen/kleidung/jeans/rohrenjeans/1235849588-buena-vista-malibu-jeans-grosse-s
female,shirts,manuela.nandrin,0,Made in italy,Einheitsgröße,"20,00 €",https://www.vinted.de/damen/kleidung/tops-and-t-shirts/shirts/1235960599-tolles-kapuzenshirt-rose-glitzer
female,jeans,manuela.nandrin,0,Jamie,L / 40 / 12,"20,00 €",https://www.vinted.de/damen/kleidung/jeans/rohrenjeans/1235870696-jamie-jeans-w30l28-high-waist-skinny
female,jeans,manuela.nandrin,0,Janina,S / 36 / 8,"10,00 €",https://www.vinted.de/damen/kleidung/jeans/rohrenjeans/1235852825-janina-skinny-jeans-grosse-36
female,sweater,manuela.nandrin,3,,Einheitsgröße,"20,00 €",https://www.vinted.de/damen/kleidung/hoodies-and-langarmshirts/sweater/andere-sweater/1203121227-tolles-oversized-sweati
female,tuniken,manuela.nandrin,5,Made in italy,Einheitsgröße,"25,00 €",https://www.vinted.de/damen/kleidung/tops-and-t-shirts/tuniken/1137818618-tunika-seidig-fashion
female,kleider,manuela.nandrin,13,Effeny,L / 40 / 12,"25,00 €",https://www.vinted.de/damen/kleidung/kleider/midikleider/695592256-effeny-kleid-mit-ballonarmeln-grosse-ml
female,tops-and-t-shirts,manuela.nandrin,1,Freequent,M / 38 / 10,"10,00 €",https://www.vinted.de/damen/kleidung/tops-and-t-shirts/tragerhemd/1221393052-top-grosse-m
female,shirts,manuela.nandrin,0,FB Sister,M / 38 / 10,"5,00 €",https://www.vinted.de/damen/kleidung/tops-and-t-shirts/shirts/1221387468-fb-sister-top-grosse-m
female,tuniken,manuela.nandrin,1,Made in italy,Einheitsgröße,"20,00 €",https://www.vinted.de/damen/kleidung/tops-and-t-shirts/tuniken/1203652183-schicke-bluseshirt
female,blusen,manuela.nandrin,0,Janina,M / 38 / 10,"10,00 €",https://www.vinted.de/damen/kleidung/tops-and-t-shirts/blusen/1203645376-tolle-leo-bluse-grosse-38
female,tuniken,manuela.nandrin,0,made in Italia,Einheitsgröße,"18,00 €",https://www.vinted.de/damen/kleidung/tops-and-t-shirts/tuniken/1203125786-tolle-leichte-bluse
female,ohrringe,manuela.nandrin,87,,Purelei,"30,00 €",https://www.vinted.de/damen/accessoires/schmuck/ohrringe/823473422-purelei-kapakai-ohrringe-gold
female,tops-and-t-shirts,manuela.nandrin,3,,Einheitsgröße,"15,00 €",https://www.vinted.de/damen/kleidung/tops-and-t-shirts/three-fourths-blusen/1153609157-tolle-sommerliche-bluse
female,tuniken,manuela.nandrin,1,Gina Benotti,L / 40 / 12,"10,00 €",https://www.vinted.de/damen/kleidung/tops-and-t-shirts/tuniken/1137811273-gina-benotti-tunika-grosse-m-4042
female,stiefelette,manuela.nandrin,19,Tamaris,39,"18,00 €",https://www.vinted.de/damen/schuhe/stiefelette/1008046459-tamaris-wildleder-stiefelette-grosse-39
female,tuniken,manuela.nandrin,0,Pink,Einheitsgröße,"15,00 €",https://www.vinted.de/damen/kleidung/tops-and-t-shirts/tuniken/1081371736-tolle-tunika-mit-passendem-top
female,t-shirts,manuela.nandrin,0,Keine,Einheitsgröße,"10,00 €",https://www.vinted.de/damen/kleidung/tops-and-t-shirts/t-shirts/968603648-cooles-shirt-einheitsgrosse
female,tops-and-t-shirts,manuela.nandrin,1,Laura T.,L / 40 / 12,"3,50 €",https://www.vinted.de/damen/kleidung/tops-and-t-shirts/tragerhemd/1007729812-laura-torelli-shirt-grosse-l
female,tops-and-t-shirts,manuela.nandrin,0,Gina,S / 36 / 8,"5,50 €",https://www.vinted.de/damen/kleidung/tops-and-t-shirts/tragerhemd/1007723853-gina-top-grosse-s-3436
female,t-shirts,manuela.nandrin,0,We Love XOX,Einheitsgröße,"10,00 €",https://www.vinted.de/damen/kleidung/tops-and-t-shirts/t-shirts/695591686-tolles-shirt-einheitsgrosse
female,t-shirts,manuela.nandrin,6,,Einheitsgröße,"23,00 €",https://www.vinted.de/damen/kleidung/tops-and-t-shirts/t-shirts/695591036-pm-selected-shirt-mit-kapuze
female,jacken,manuela.nandrin,4,Gina,L / 40 / 12,"11,50 €",https://www.vinted.de/damen/kleidung/mantel-and-jacken/jacken/lederjacken/695592874-gina-sportlichschicke-jacke-grosse-40
female,t-shirts,manuela.nandrin,2,Gina,L / 40 / 12,"6,50 €",https://www.vinted.de/damen/kleidung/tops-and-t-shirts/t-shirts/730021677-gina-shirt-grosse-40
female,tops-and-t-shirts,manuela.nandrin,6,Janina,L / 40 / 12,"4,00 €",https://www.vinted.de/damen/kleidung/tops-and-t-shirts/schulterfreie-tops/729265077-janina-shirt-grosse-40-neon-pink
female,sweater,manuela.nandrin,3,Gina Benotti,M / 38 / 10,"8,00 €",https://www.vinted.de/damen/kleidung/hoodies-and-langarmshirts/sweater/lange-pullover/723261365-gina-benotti-strickpulli-glitzer-grosse-3638
female,hoodies-and-langarmshirts,manuela.nandrin,4,Amisu,M / 38 / 10,"5,00 €",https://www.vinted.de/damen/kleidung/hoodies-and-langarmshirts/strickjacken/695588852-amisu-grosse-m-kuscheliges-jackchen
female,sweater,manuela.nandrin,1,Amisu,L / 40 / 12,"5,00 €",https://www.vinted.de/damen/kleidung/hoodies-and-langarmshirts/sweater/lange-pullover/695591927-amisu-pulli-grosse-l
female,tops-and-t-shirts,manuela.nandrin,4,Amisu,L / 40 / 12,"7,00 €",https://www.vinted.de/damen/kleidung/tops-and-t-shirts/langarmelige-blusen/695591563-amisu-bluse-grosse-l
female,tops-and-t-shirts,manuela.nandrin,3,Canda,XL / 42 / 14,"10,00 €",https://www.vinted.de/damen/kleidung/tops-and-t-shirts/three-fourths-blusen/695589257-canda-blusetunika-grosse-42
female,jacken,manuela.nandrin,0,Keine,Einheitsgröße,"8,00 €",https://www.vinted.de/damen/kleidung/mantel-and-jacken/jacken/jeansjacken/695589057-jeansjacke-einheitsgrosse
female,shirts,manuela.nandrin,5,Keine,M / 38 / 10,"8,00 €",https://www.vinted.de/damen/kleidung/tops-and-t-shirts/shirts/695591481-dg-shirt-grosse-xl
female,shirts,manuela.nandrin,1,Blue Motion,M / 38 / 10,"7,00 €",https://www.vinted.de/damen/kleidung/tops-and-t-shirts/shirts/695590860-blue-motion-sommerset-grosse-m-4042
female,tops-and-t-shirts,manuela.nandrin,2,Sislo fashion,Einheitsgröße,"15,00 €",https://www.vinted.de/damen/kleidung/tops-and-t-shirts/tragerhemd/695590662-sislo-fashion-tolles-top-einheitsgrosse
female,tops-and-t-shirts,manuela.nandrin,2,Keine,M / 38 / 10,"5,00 €",https://www.vinted.de/damen/kleidung/tops-and-t-shirts/tragerhemd/695589914-topshirt-glitzer-grosse-m
female,kleider,manuela.nandrin,0,Multiblu,M / 38 / 10,"7,00 €",https://www.vinted.de/damen/kleidung/kleider/sommerkleider/695588501-multiblu-sommerkleid-grosse-38
female,turnschuhe,manuela.nandrin,19,Tamaris,39,"15,00 €",https://www.vinted.de/damen/schuhe/turnschuhe/695588344-tamaris-sneaker-turnschuh-glitzer-gr39
female,tops-and-t-shirts,manuela.nandrin,1,Janina,M / 38 / 10,"4,00 €",https://www.vinted.de/damen/kleidung/tops-and-t-shirts/schulterfreie-tops/695589329-janina-shirt-grosse-38
female,jeans,manuela.nandrin,0,Amisu,S / 36 / 8,"5,00 €",https://www.vinted.de/damen/kleidung/jeans/rohrenjeans/695589722-amisu-jeans-grosse-36
female,jeans,manuela.nandrin,3,Amisu,S / 36 / 8,"5,00 €",https://www.vinted.de/damen/kleidung/jeans/rohrenjeans/695589662-amisu-jeans-grosse-36
female,sweater,manuela.nandrin,2,,L / 40 / 12,"5,00 €",https://www.vinted.de/damen/kleidung/hoodies-and-langarmshirts/sweater/lange-pullover/695589462-janina-pulli-grosse-40
female,sweater,manuela.nandrin,0,Yessica,S / 36 / 8,"6,00 €",https://www.vinted.de/damen/kleidung/hoodies-and-langarmshirts/sweater/strickpullover-fur-den-winter/695589122-yessica-schoner-pulli-mit-glitzerpailetten-gr-s
female,hoodies-and-langarmshirts,manuela.nandrin,3,Vero Moda,S / 36 / 8,"7,50 €",https://www.vinted.de/damen/kleidung/hoodies-and-langarmshirts/strickjacken/695588758-vero-moda-strickjacke-rosa-glitzer-grosse-s
female,shirts,manuela.nandrin,1,Gina,M / 38 / 10,"5,00 €",https://www.vinted.de/damen/kleidung/tops-and-t-shirts/shirts/695588616-gina-shirt-grosse-38-neu
male,kapuzenjacken,maxibabu,25,Smet,M,"49,00 €",https://www.vinted.de/herren/kleidung/pullover-and-sweater/kapuzenjacken/1251537320-smet-y2k-sweater
male,sweater,maxibabu,23,Vintage,S,"45,00 €",https://www.vinted.de/herren/kleidung/pullover-and-sweater/sweater/1251525928-y2k-sweater-boy-unisex
male,sweater,maxibabu,19,Nike,L,"140,00 €",https://www.vinted.de/herren/kleidung/pullover-and-sweater/sweater/1249329617-nike-vintage-spellout-sweater-unisex
male,sweater,maxibabu,10,Nike,L,"95,00 €",https://www.vinted.de/herren/kleidung/pullover-and-sweater/sweater/1248965370-nike-spellout-sweater-unisex-true-vintage
male,sweater,maxibabu,28,Vintage,S,"49,00 €",https://www.vinted.de/herren/kleidung/pullover-and-sweater/sweater/1248955028-y2k-sweater-roadwear-baggy-hiphop-unisex
female,t-shirts,maxibabu,5,Harley Davidson,XS / 34 / 6,"45,00 €",https://www.vinted.de/damen/kleidung/tops-and-t-shirts/t-shirts/1238775678-harley-davidson-top-germany-made-in-usa
female,t-shirts,maxibabu,6,Ed Hardy,M / 38 / 10,"39,00 €",https://www.vinted.de/damen/kleidung/tops-and-t-shirts/t-shirts/1238600479-ed-hardy-unisex-y2k-shirt
male,jeans,maxibabu,5,Johnny Blaze,M,"145,00 €",https://www.vinted.de/herren/kleidung/jeans/gerade-geschnittene-jeans/1236108582-johnny-blaze-y2k-jeans
male,jeans,maxibabu,19,Dolce & Gabbana,L,"105,00 €",https://www.vinted.de/herren/kleidung/jeans/gerade-geschnittene-jeans/1234416597-dolce-gabbana-y2k-jeans-unisex
male,jeans,maxibabu,10,Dolce & Gabbana,L,"95,00 €",https://www.vinted.de/herren/kleidung/jeans/gerade-geschnittene-jeans/1234413814-dolce-gabbana-jeans-y2k-unisex
male,hemden,maxibabu,1,Harley Davidson,L,"49,00 €",https://www.vinted.de/herren/kleidung/tops-and-t-shirts/hemden/bedruckte-hemden/1233548323-harley-davidson-hemd-kurzarm
male,sweater,maxibabu,27,true vintage,L,"45,00 €",https://www.vinted.de/herren/kleidung/pullover-and-sweater/sweater/1232616900-aem-kai-nyc-sweater-y2k
male,sweater,maxibabu,4,Bronx,M,"45,00 €",https://www.vinted.de/herren/kleidung/pullover-and-sweater/sweater/1230558142-bronx-limited-edition-sweater
female,shirts,maxibabu,5,Ralph Lauren,M / 38 / 10,"29,00 €",https://www.vinted.de/damen/kleidung/tops-and-t-shirts/shirts/1230552845-the-skinny-polo-by-ralph-lauren
female,jeans,maxibabu,2,True Religion,S / 36 / 8,"49,00 €",https://www.vinted.de/damen/kleidung/jeans/rohrenjeans/1229701119-true-religion-jeans
female,t-shirts,maxibabu,4,Harley Davidson,M / 38 / 10,"54,00 €",https://www.vinted.de/damen/kleidung/tops-and-t-shirts/t-shirts/1228477278-harley-davidson-true-vintage-top
male,hemden,maxibabu,2,true vintage,XL,"35,00 €",https://www.vinted.de/herren/kleidung/tops-and-t-shirts/hemden/jeanshemden/1228468200-flintstone-true-vintage-hemd-kurzarm
female,kleider,paradiesvogel01,1,Zara,L / 40 / 12,"49,00 €",https://www.vinted.de/damen/kleidung/kleider/lange-kleider/1252618892-zara-kleid-l-schwarz
female,hosen-and-leggings,paradiesvogel01,2,liebesglück,S / 36 / 8,"32,00 €",https://www.vinted.de/damen/kleidung/hosen-and-leggings/breit-geschnittene-hosen/1252583923-liebesgluck-jogginghose-s-grun
female,tops-and-t-shirts,paradiesvogel01,8,Zara,S / 36 / 8,"19,00 €",https://www.vinted.de/damen/kleidung/tops-and-t-shirts/bodys/1252577488-zara-body-s-creme
female,absatzschuhe,paradiesvogel01,2,Guess,38,"69,00 €",https://www.vinted.de/damen/schuhe/absatzschuhe/high-heels-and-pumps/1243492058-guess-pumps-38-neu
female,absatzschuhe,paradiesvogel01,0,Bershka,38,"19,00 €",https://www.vinted.de/damen/schuhe/absatzschuhe/high-heels-and-pumps/1243483477-bershka-pumps-38-neu
female,sandalen,paradiesvogel01,3,Michael Kors,38,"99,00 €",https://www.vinted.de/damen/schuhe/sandalen/1230499386-plateau-sandalen-von-michael-kors-schwarz-38-neu-wildleder
female,sandalen,paradiesvogel01,5,kennel & schmenger,38,"99,00 €",https://www.vinted.de/damen/schuhe/sandalen/1225706619-kennel-schmenger-sandalen-38-neu-gold
female,absatzschuhe,paradiesvogel01,4,Tamaris,38,"29,00 €",https://www.vinted.de/damen/schuhe/absatzschuhe/schuhe-mit-keilabsatz/1222187759-neue-tamaris-sandale-38-schwarz-creme
female,kleider,paradiesvogel01,1,Zara,M / 38 / 10,"23,00 €",https://www.vinted.de/damen/kleidung/kleider/minis/1200846275-zara-pu-lederkleid-m-beige-neu
female,tops-and-t-shirts,paradiesvogel01,20,Guess,L / 40 / 12,"39,00 €",https://www.vinted.de/damen/kleidung/tops-and-t-shirts/langarmelige-blusen/1200801439-guess-bluse-l-neu-schwarz-weiss
female,kleider,paradiesvogel01,2,Studio M,XS / 34 / 6,"29,00 €",https://www.vinted.de/damen/kleidung/kleider/sommerkleider/1199737197-susses-sommerkleid-von-studio-m-xs
female,kleider,paradiesvogel01,2,kein Label,S / 36 / 8,"35,00 €",https://www.vinted.de/damen/kleidung/kleider/lassige-kleider/1199722470-cooles-blusenkleid-36-weiss-jeansblau
female,hosen-and-leggings,paradiesvogel01,13,Astoria Activewear,M / 38 / 10,"32,00 €",https://www.vinted.de/damen/kleidung/hosen-and-leggings/leggings/1190032082-astoria-activewear-m-neu-grun
female,jeans,paradiesvogel01,1,My Christy,S / 36 / 8,"15,00 €",https://www.vinted.de/damen/kleidung/jeans/dreiviertel-jeans/1179090437-beige-caprihose-s-jeans
female,turnschuhe,paradiesvogel01,20,Nike,40,"150,00 €",https://www.vinted.de/damen/schuhe/turnschuhe/1168005239-air-force-1-low-prm-40-neu-weiss
female,kleider,paradiesvogel01,4,Quiksilver,S / 36 / 8,"15,00 €",https://www.vinted.de/damen/kleidung/activewear/kleider/1166900674-sommerkleid-quiksilver-36
female,ohrringe,paradiesvogel01,4,,kein Label,"22,00 €",https://www.vinted.de/damen/accessoires/schmuck/ohrringe/1162330001-ausgefallene-ohrstecker-gold-lila-perlmutt
female,hosen-and-leggings,paradiesvogel01,4,United Colors of Benetton,XS / 34 / 6,"35,00 €",https://www.vinted.de/damen/kleidung/hosen-and-leggings/breit-geschnittene-hosen/1161162986-mega-coole-hose-high-waist-united-colors-of-benetton-xs-neu-schwarz-blau
female,kleider,paradiesvogel01,1,Kiomi,XS / 34 / 6,"19,00 €",https://www.vinted.de/damen/kleidung/kleider/midikleider/1161117236-kiomi-kleid-neu-34-pink-schwarz
female,jeans,paradiesvogel01,3,Street One,S / 36 / 8,"13,00 €",https://www.vinted.de/damen/kleidung/jeans/dreiviertel-jeans/1157954087-jeans-shorts-street-one-36-schwarz
female,kleider,paradiesvogel01,7,edc,L / 40 / 12,"25,00 €",https://www.vinted.de/damen/kleidung/kleider/sommerkleider/1155770693-edc-kleid-40-grau
female,hosen-and-leggings,paradiesvogel01,9,MASSIMO DUTTI,L / 40 / 12,"42,00 €",https://www.vinted.de/damen/kleidung/hosen-and-leggings/dreiviertel-hosen-and-chinos/1150602283-massimo-dutti-hose-kariert-40-beige-braun
female,flip-flops,paradiesvogel01,6,Superga,39,"30,00 €",https://www.vinted.de/damen/schuhe/flip-flops/1149858421-superga-sandalen-39-neu-schwarz
female,kleider,paradiesvogel01,10,Vero Moda,S / 36 / 8,"39,00 €",https://www.vinted.de/damen/kleidung/kleider/midikleider/1145386686-traumhaft-schones-lassiges-kleid-von-vero-moda-s-neu-hellblau
female,hosen-and-leggings,paradiesvogel01,9,MASSIMO DUTTI,XL / 42 / 14,"69,00 €",https://www.vinted.de/damen/kleidung/hosen-and-leggings/breit-geschnittene-hosen/1139456558-massimo-dutti-hose-neu-42-beige
female,hosen-and-leggings,paradiesvogel01,42,Essentiel Antwerp,XL / 42 / 14,"129,00 €",https://www.vinted.de/damen/kleidung/hosen-and-leggings/breit-geschnittene-hosen/1129534738-neue-karierte-hose-42-essentiel-antwerp-beige-braun-schwarz
female,jacken,paradiesvogel01,5,true vintage,M / 38 / 10,"129,00 €",https://www.vinted.de/damen/kleidung/mantel-and-jacken/jacken/lederjacken/1119072344-cooler-true-vintage-echtleder-mantel-38-oversize
female,kleider,paradiesvogel01,21,Marciano,S / 36 / 8,"69,00 €",https://www.vinted.de/damen/kleidung/kleider/lange-kleider/1117818866-strickkleid-von-marciano-s-neu-schwarz
female,ohrringe,paradiesvogel01,2,,kein Label,"2,00 €",https://www.vinted.de/damen/accessoires/schmuck/ohrringe/1113914025-ohrhanger
female,ohrringe,paradiesvogel01,1,,kein Label,"3,00 €",https://www.vinted.de/damen/accessoires/schmuck/ohrringe/1113883453-tolle-goldfarbenene-ohrhanger
female,tops-and-t-shirts,paradiesvogel01,1,edc,S / 36 / 8,"4,50 €",https://www.vinted.de/damen/kleidung/tops-and-t-shirts/schulterfreie-tops/1075580950-top-von-edc-khaki-s
female,jeans,paradiesvogel01,1,J-Welly,L / 40 / 12,"12,00 €",https://www.vinted.de/damen/kleidung/jeans/dreiviertel-jeans/1075513973-hellblaue-78-jeans-40
female,t-shirts,paradiesvogel01,0,Blend,S / 36 / 8,"12,00 €",https://www.vinted.de/damen/kleidung/tops-and-t-shirts/t-shirts/1075426795-cooles-shirt-schwarz-von-blend
female,ohrringe,paradiesvogel01,7,,kein Label,"1,00 €",https://www.vinted.de/damen/accessoires/schmuck/ohrringe/1074456208-ohrhanger-braun
female,ohrringe,paradiesvogel01,1,,kein Label,"1,00 €",https://www.vinted.de/damen/accessoires/schmuck/ohrringe/1074452023-ohrhanger-lila
female,ohrringe,paradiesvogel01,5,,kein Label,"2,00 €",https://www.vinted.de/damen/accessoires/schmuck/ohrringe/1074442176-ohrhanger-schwarz-weiss-muschel
female,ohrringe,paradiesvogel01,0,,kein Label,"2,00 €",https://www.vinted.de/damen/accessoires/schmuck/ohrringe/1074434587-ohrhanger-silberfarbig
female,jacken,paradiesvogel01,0,kein Label,L / 40 / 12,"15,00 €",https://www.vinted.de/damen/kleidung/mantel-and-jacken/jacken/leichte-jacken/1068758283-susses-jackchen-schwarz
female,hosen-and-leggings,paradiesvogel01,13,Innocence,M / 38 / 10,"17,00 €",https://www.vinted.de/damen/kleidung/hosen-and-leggings/breit-geschnittene-hosen/1068724377-gestreifte-34-hose-38-schwarz-weiss
female,kleider,paradiesvogel01,2,Zara,S / 36 / 8,"15,00 €",https://www.vinted.de/damen/kleidung/kleider/minis/1068708215-rotes-kleid-von-zara-trafaluc-s
female,kleider,paradiesvogel01,4,X-Mail,S / 36 / 8,"9,00 €",https://www.vinted.de/damen/kleidung/kleider/sommerkleider/1068692239-susses-sommerkleid-in-orange-s
female,kleider,paradiesvogel01,1,C&A,XS / 34 / 6,"12,00 €",https://www.vinted.de/damen/kleidung/kleider/sommerkleider/1068676815-susses-kleid-xs-lila
female,tops-and-t-shirts,paradiesvogel01,3,Topshop,S / 36 / 8,"24,00 €",https://www.vinted.de/damen/kleidung/tops-and-t-shirts/three-fourths-blusen/1068596699-neue-bluse-von-topshop-36-rot
female,kleider,paradiesvogel01,24,Tom Tailor,M / 38 / 10,"6,00 €",https://www.vinted.de/damen/kleidung/kleider/midikleider/1068351927-tom-tailor-kleid-dunkelblau-weiss
female,kleider,paradiesvogel01,1,Bess Women,XXL / 44 / 16,"39,00 €",https://www.vinted.de/damen/kleidung/kleider/midikleider/1068225871-schlichtes-schwarzes-kleid
female,kleider,paradiesvogel01,1,Miss Sixty,S / 36 / 8,"35,00 €",https://www.vinted.de/damen/kleidung/kleider/minis/1068119881-miss-sixty-kleid-schwarz-leo-s-neu
female,kleider,paradiesvogel01,1,kein Label,Einheitsgröße,"29,00 €",https://www.vinted.de/damen/kleidung/kleider/sommerkleider/1068083647-susses-sommerkleid-made-in-italy-one-size-weiss-dunkelblau
female,kleider,paradiesvogel01,7,somebody else,S / 36 / 8,"35,00 €",https://www.vinted.de/damen/kleidung/kleider/midikleider/1067979338-traumhaftes-grunes-kleid-neu-36
female,sandalen,paradiesvogel01,10,PrimaDonna,38,"32,00 €",https://www.vinted.de/damen/schuhe/sandalen/1051290960-plateau-sandalen-von-primadonna-camelfarben-38-neu
female,kleider,paradiesvogel01,18,Orsay,M / 38 / 10,"29,00 €",https://www.vinted.de/damen/kleidung/kleider/fur-anlasse/ruckenfreie-kleider/1048638378-ruckenfreies-kleid-38-neu
female,absatzschuhe,paradiesvogel01,5,Tamaris,39,"22,00 €",https://www.vinted.de/damen/schuhe/absatzschuhe/high-heels-and-pumps/1045878769-tamaris-plateau-pumps-39-leder-schwarz
female,stiefelette,paradiesvogel01,3,HIP,39,"89,00 €",https://www.vinted.de/damen/schuhe/stiefelette/1045842692-sommer-stiefelette-leder-beige-braun-39
female,absatzschuhe,paradiesvogel01,1,Gianni Gregori,38,"7,00 €",https://www.vinted.de/damen/schuhe/absatzschuhe/high-heels-and-pumps/1045710395-dunkelbraune-pumps-38-leder
female,absatzschuhe,paradiesvogel01,0,Helen Billkrantz,38,"7,00 €",https://www.vinted.de/damen/schuhe/absatzschuhe/high-heels-and-pumps/1045678401-dunkelblaue-pumps-von-helen-billkrantz-leder
female,absatzschuhe,paradiesvogel01,3,Xti,38,"19,00 €",https://www.vinted.de/damen/schuhe/absatzschuhe/schuhe-mit-keilabsatz/1045577423-keilabsatz-schuhe-schwarz-38
female,absatzschuhe,paradiesvogel01,2,ruby shoo,38,"49,00 €",https://www.vinted.de/damen/schuhe/absatzschuhe/high-heels-and-pumps/1037965328-susse-pumps-38
female,absatzschuhe,paradiesvogel01,5,SMH,38,"35,00 €",https://www.vinted.de/damen/schuhe/absatzschuhe/high-heels-and-pumps/1037874110-smh-pumps-royalblau-38-wildleder
female,sandalen,paradiesvogel01,8,H&M,38,"17,00 €",https://www.vinted.de/damen/schuhe/sandalen/1037839895-hm-sandalen-rosa-38
female,absatzschuhe,paradiesvogel01,0,Zanon & Zago,38,"29,00 €",https://www.vinted.de/damen/schuhe/absatzschuhe/high-heels-and-pumps/995708847-zanon-zago-schnurschuhe-mit-absatz-38
female,flip-flops,paradiesvogel01,3,BULLBOXER,38,"19,00 €",https://www.vinted.de/damen/schuhe/flip-flops/995647427-neue-bullboxer-flip-flops-38-rose
female,ballerinas,paradiesvogel01,3,Keine,38,"5,00 €",https://www.vinted.de/damen/schuhe/flache-schuhe/ballerinas/995619580-schwarze-ballerina-38
female,sandalen,paradiesvogel01,18,Andrea Sabatini,38,"29,00 €",https://www.vinted.de/damen/schuhe/sandalen/995613354-sandalen-von-andrea-sabatini-38-leder
female,sandalen,paradiesvogel01,4,She,38,"5,00 €",https://www.vinted.de/damen/schuhe/sandalen/995578296-leder-sandalen-38
female,ballerinas,paradiesvogel01,3,KHRIO',38,"5,00 €",https://www.vinted.de/damen/schuhe/flache-schuhe/ballerinas/995571086-beige-ballerina-38-leder
female,ballerinas,paradiesvogel01,1,S.Oliver,39,"32,00 €",https://www.vinted.de/damen/schuhe/flache-schuhe/ballerinas/995562271-soliver-ballerina-39
female,turnschuhe,paradiesvogel01,17,Converse,37.5,"120,00 €",https://www.vinted.de/damen/schuhe/turnschuhe/992010249-converse-x-koche-chuck-taylor-375
female,jacken,paradiesvogel01,2,Keine,S / 36 / 8,"10,00 €",https://www.vinted.de/damen/kleidung/mantel-and-jacken/jacken/lederjacken/991818162-kunstlederjacke-taupe-s
female,jacken,paradiesvogel01,2,APRIORI,M / 38 / 10,"65,00 €",https://www.vinted.de/damen/kleidung/mantel-and-jacken/jacken/lederjacken/991769442-apriori-lederjacke-taupe-38
female,kleider,paradiesvogel01,29,Tom Tailor,S / 36 / 8,"17,00 €",https://www.vinted.de/damen/kleidung/kleider/midikleider/991711802-tom-tailor-kleid-grun-braun-36
female,ballerinas,paradiesvogel01,5,Tamaris,38,"17,00 €",https://www.vinted.de/damen/schuhe/flache-schuhe/ballerinas/990477560-tamaris-ballerina-weiss-taupe-38
female,absatzschuhe,paradiesvogel01,1,Buffalo,39,"45,00 €",https://www.vinted.de/damen/schuhe/absatzschuhe/high-heels-and-pumps/990459258-buffalo-pumps-39-mint-leder
female,t-shirts,paradiesvogel01,1,Keine,S / 36 / 8,"6,00 €",https://www.vinted.de/damen/kleidung/tops-and-t-shirts/t-shirts/985666302-top-in-braun-36
female,sweater,paradiesvogel01,2,Keine,L / 40 / 12,"5,00 €",https://www.vinted.de/damen/kleidung/hoodies-and-langarmshirts/sweater/three-fourths-armelige-pullover/985656536-basic-langes-shirt-beige-40
female,hosen-and-leggings,paradiesvogel01,34,Guess,S / 36 / 8,"49,00 €",https://www.vinted.de/damen/kleidung/hosen-and-leggings/breit-geschnittene-hosen/985483116-marciano-for-guess-hose-kariert-beige-braun-turkis-36
female,hoodies-and-langarmshirts,paradiesvogel01,1,MASSIMO DUTTI,L / 40 / 12,"35,00 €",https://www.vinted.de/damen/kleidung/hoodies-and-langarmshirts/westen/985453581-massimo-dutti-strickpullunder-l-turkis-neu
female,tops-and-t-shirts,paradiesvogel01,2,Emporio Armani,M / 38 / 10,"39,00 €",https://www.vinted.de/damen/kleidung/tops-and-t-shirts/bauchfreie-tops/985351878-armani-shirt-sm-weiss-nude-neu
female,hosen-and-leggings,paradiesvogel01,25,See By Chloé,M / 38 / 10,"130,00 €",https://www.vinted.de/damen/kleidung/hosen-and-leggings/breit-geschnittene-hosen/984728264-see-by-chloe-hose-38-neu-creme-schwarz-gestreift
female,hosen-and-leggings,paradiesvogel01,28,MASSIMO DUTTI,L / 40 / 12,"45,00 €",https://www.vinted.de/damen/kleidung/hosen-and-leggings/breit-geschnittene-hosen/984592646-massimo-dutti-hose-kariert-neu-40-schwarz-beige
female,jacken,paradiesvogel01,9,Fresh Made,S / 36 / 8,"10,00 €",https://www.vinted.de/damen/kleidung/mantel-and-jacken/jacken/fleecejacken/980151871-fleecejacke-m-lila
female,jacken,paradiesvogel01,3,crane,M / 38 / 10,"5,00 €",https://www.vinted.de/damen/kleidung/mantel-and-jacken/jacken/fleecejacken/980139627-fleece-jacke-3638-aubergine-farbe
female,jacken,paradiesvogel01,7,Okay,S / 36 / 8,"5,00 €",https://www.vinted.de/damen/kleidung/mantel-and-jacken/jacken/fleecejacken/980128421-fleece-jacke-in-weiss-36
female,hosen-and-leggings,paradiesvogel01,2,my own,S / 36 / 8,"19,00 €",https://www.vinted.de/damen/kleidung/hosen-and-leggings/breit-geschnittene-hosen/978918169-gelbe-leichte-hose-36
female,jeans,paradiesvogel01,2,edc,S / 36 / 8,"15,00 €",https://www.vinted.de/damen/kleidung/jeans/schlaghosen/978883377-vintage-jeans-von-edc-36
female,hosen-and-leggings,paradiesvogel01,10,Keine,S / 36 / 8,"22,00 €",https://www.vinted.de/damen/kleidung/hosen-and-leggings/breit-geschnittene-hosen/978868265-vintage-schlaghose-s-bunt
female,hosen-and-leggings,paradiesvogel01,4,Betty Barclay,S / 36 / 8,"16,00 €",https://www.vinted.de/damen/kleidung/hosen-and-leggings/dreiviertel-hosen-and-chinos/978753172-lassige-78-hose-von-betty-barclay-36
female,hosen-and-leggings,paradiesvogel01,5,She,M / 38 / 10,"22,00 €",https://www.vinted.de/damen/kleidung/hosen-and-leggings/dreiviertel-hosen-and-chinos/977779833-schwarze-hose-38
female,hosen-and-leggings,paradiesvogel01,25,MASSIMO DUTTI,S / 36 / 8,"45,00 €",https://www.vinted.de/damen/kleidung/hosen-and-leggings/dreiviertel-hosen-and-chinos/976829527-tolle-neue-massimo-dutti-hose-anthrazit-36
female,blusen,paradiesvogel01,15,Calvin Klein,S / 36 / 8,"45,00 €",https://www.vinted.de/damen/kleidung/tops-and-t-shirts/blusen/976784070-calvin-klein-bluse-36-neu-braun
female,kleider,paradiesvogel01,13,Pull & Bear,S / 36 / 8,"29,00 €",https://www.vinted.de/damen/kleidung/kleider/minis/976572442-susses-kleid-von-pull-bear-neu-s-gelb
female,tops-and-t-shirts,paradiesvogel01,12,Zara,L / 40 / 12,"14,00 €",https://www.vinted.de/damen/kleidung/tops-and-t-shirts/bodys/976488163-zara-body-neu-l-orange
female,hosen-and-leggings,paradiesvogel01,52,MASSIMO DUTTI,S / 36 / 8,"45,00 €",https://www.vinted.de/damen/kleidung/hosen-and-leggings/dreiviertel-hosen-and-chinos/976474933-tolle-neue-hose-von-massimo-dutti-36
female,tops-and-t-shirts,paradiesvogel01,11,Zara,S / 36 / 8,"19,00 €",https://www.vinted.de/damen/kleidung/tops-and-t-shirts/bauchfreie-tops/976171738-total-susses-topbluse-bauchfrei-weiss-s-neu
female,kleider,paradiesvogel01,13,Zara,L / 40 / 12,"32,00 €",https://www.vinted.de/damen/kleidung/kleider/minis/975097737-mega-susses-kleid-von-zara-beige-l-neu
female,kleider,paradiesvogel01,11,Zara,M / 38 / 10,"32,00 €",https://www.vinted.de/damen/kleidung/kleider/minis/975079902-susses-zara-kleid-neu-m-grun-creme
female,hoodies-and-langarmshirts,paradiesvogel01,4,Street One,M / 38 / 10,"17,00 €",https://www.vinted.de/damen/kleidung/hoodies-and-langarmshirts/strickjacken/964958803-susse-strickjacke-von-street-one-schwarz-38
female,jeans,paradiesvogel01,3,Denim & Co.,L / 40 / 12,"5,00 €",https://www.vinted.de/damen/kleidung/jeans/rohrenjeans/964698719-schwarze-jeans-40
female,t-shirts,paradiesvogel01,0,Okay,M / 38 / 10,"3,50 €",https://www.vinted.de/damen/kleidung/tops-and-t-shirts/t-shirts/964678282-neues-t-shirt-38
female,tops-and-t-shirts,paradiesvogel01,2,Amisu,M / 38 / 10,"4,50 €",https://www.vinted.de/damen/kleidung/tops-and-t-shirts/schulterfreie-tops/964669569-susses-shirt-m
female,tops-and-t-shirts,paradiesvogel01,9,Esprit,S / 36 / 8,"8,00 €",https://www.vinted.de/damen/kleidung/tops-and-t-shirts/rollkragen/964660594-vintage-rollkragenshirt-von-esprit-s-gestreift
female,kleider,paradiesvogel01,2,Keine,S / 36 / 8,"8,00 €",https://www.vinted.de/damen/kleidung/kleider/minis/964650049-schwarzes-kleid-s-neu
female,tops-and-t-shirts,paradiesvogel01,1,Tom Tailor,L / 40 / 12,"15,00 €",https://www.vinted.de/damen/kleidung/tops-and-t-shirts/langarmelige-blusen/964633906-tolle-karierte-bluse-von-tom-tailor-40
female,sandalen,paradiesvogel01,14,kennel & schmenger,40.5,"69,00 €",https://www.vinted.de/damen/schuhe/sandalen/963335085-kennel-schmenger-plateau-sandalen-schwarz
female,kleider,paradiesvogel01,5,Ragazza trend,L / 40 / 12,"10,00 €",https://www.vinted.de/damen/kleidung/kleider/lange-kleider/962424940-vintage-crinkle-kleid-l
female,kleider,paradiesvogel01,4,Street One,M / 38 / 10,"22,00 €",https://www.vinted.de/damen/kleidung/kleider/midikleider/962398922-street-one-stretchkleid-38-neu
female,kleider,paradiesvogel01,2,Cecil,L / 40 / 12,"19,00 €",https://www.vinted.de/damen/kleidung/kleider/minis/962325556-cecil-strickkleid-schwarz-l
female,kleider,paradiesvogel01,0,Betty Barclay,M / 38 / 10,"16,00 €",https://www.vinted.de/damen/kleidung/kleider/minis/962298409-betty-barclay-strickkleid-braun-creme-38
female,kleider,paradiesvogel01,0,FlashLights,S / 36 / 8,"19,00 €",https://www.vinted.de/damen/kleidung/kleider/minis/962053825-susses-kariertes-kleid-36
female,kleider,paradiesvogel01,4,Esprit,S / 36 / 8,"19,00 €",https://www.vinted.de/damen/kleidung/kleider/midikleider/960138647-mega-susses-vintage-kleid-von-esprit-braun-36
female,tops-and-t-shirts,paradiesvogel01,0,via cortesa,S / 36 / 8,"13,00 €",https://www.vinted.de/damen/kleidung/tops-and-t-shirts/schulterfreie-tops/960124006-stricktop-s-via-cortesa
female,tops-and-t-shirts,paradiesvogel01,28,Guess,S / 36 / 8,"32,00 €",https://www.vinted.de/damen/kleidung/tops-and-t-shirts/bauchfreie-tops/960062407-susse-guess-bluse-bauchfrei-s-weiss
female,tops-and-t-shirts,paradiesvogel01,38,Zara,L / 40 / 12,"19,00 €",https://www.vinted.de/damen/kleidung/tops-and-t-shirts/bauchfreie-tops/959898892-zara-bluse-senffarben-l-neu
female,t-shirts,paradiesvogel01,3,Outfit,S / 36 / 8,"8,00 €",https://www.vinted.de/damen/kleidung/tops-and-t-shirts/t-shirts/959871565-cooles-top-s
female,tops-and-t-shirts,paradiesvogel01,0,Esprit,S / 36 / 8,"19,00 €",https://www.vinted.de/damen/kleidung/tops-and-t-shirts/langarmelige-blusen/958414074-ausgefallene-esprit-bluse-braun-s
female,tops-and-t-shirts,paradiesvogel01,3,ERFO,XL / 42 / 14,"15,00 €",https://www.vinted.de/damen/kleidung/tops-and-t-shirts/kurzarmelige-blusen/958398259-gelbe-bluse-von-erfo-42
female,jacken,paradiesvogel01,3,parisian collection,M / 38 / 10,"15,00 €",https://www.vinted.de/damen/kleidung/mantel-and-jacken/jacken/bomberjacken/958236405-coole-jacke-khaki-schwarz-38
female,tops-and-t-shirts,paradiesvogel01,13,Venice Beach,XS / 34 / 6,"15,00 €",https://www.vinted.de/damen/kleidung/tops-and-t-shirts/bauchfreie-tops/953184445-vintage-top-von-venice-beach-weiss-orange
female,t-shirts,paradiesvogel01,7,S.Oliver,M / 38 / 10,"3,00 €",https://www.vinted.de/damen/kleidung/tops-and-t-shirts/t-shirts/953159467-soliver-basic-t-shirt-schwarz
female,tops-and-t-shirts,paradiesvogel01,1,Betty Barclay,S / 36 / 8,"15,00 €",https://www.vinted.de/damen/kleidung/tops-and-t-shirts/schulterfreie-tops/953150202-ausgefallenes-top-in-orange-von-betty-barclay
female,tops-and-t-shirts,paradiesvogel01,1,crane,M / 38 / 10,"5,00 €",https://www.vinted.de/damen/kleidung/tops-and-t-shirts/bauchfreie-tops/953061557-top-schwarz
female,tops-and-t-shirts,paradiesvogel01,1,Betty Barclay,S / 36 / 8,"35,00 €",https://www.vinted.de/damen/kleidung/tops-and-t-shirts/schulterfreie-tops/952991670-super-ausgefallenes-strickoberteil-von-betty-barclay-36
female,hoodies-and-langarmshirts,paradiesvogel01,3,Joy,M / 38 / 10,"29,00 €",https://www.vinted.de/damen/kleidung/hoodies-and-langarmshirts/strickjacken/952948658-super-susse-strickjacke-braun-38
female,tops-and-t-shirts,paradiesvogel01,22,Inscene,S / 36 / 8,"6,00 €",https://www.vinted.de/damen/kleidung/tops-and-t-shirts/schulterfreie-tops/952842282-top-braun-grun-s
female,t-shirts,paradiesvogel01,0,Oxbow,S / 36 / 8,"15,00 €",https://www.vinted.de/damen/kleidung/tops-and-t-shirts/t-shirts/952836412-vintage-t-shirt-von-oxbow-36
female,tops-and-t-shirts,paradiesvogel01,1,Nike,S / 36 / 8,"25,00 €",https://www.vinted.de/damen/kleidung/tops-and-t-shirts/schulterfreie-tops/952817566-mega-cooles-vintage-top-von-nike-pink-s
female,hoodies-and-langarmshirts,paradiesvogel01,0,S.Oliver,M / 38 / 10,"16,00 €",https://www.vinted.de/damen/kleidung/hoodies-and-langarmshirts/strickjacken/952580101-susse-strickjacke-von-soliver-grun-38
female,hoodies-and-langarmshirts,paradiesvogel01,0,Best-Emilie,Einheitsgröße,"19,00 €",https://www.vinted.de/damen/kleidung/hoodies-and-langarmshirts/westen/952559816-coole-strickweste-one-size-anthrazit
female,hoodies-and-langarmshirts,paradiesvogel01,1,Street One,S / 36 / 8,"17,00 €",https://www.vinted.de/damen/kleidung/hoodies-and-langarmshirts/strickjacken/952542452-super-susse-strickjacke-von-street-one-braun-36
female,t-shirts,paradiesvogel01,7,edc,S / 36 / 8,"7,00 €",https://www.vinted.de/damen/kleidung/tops-and-t-shirts/t-shirts/950135716-cooles-braunes-t-shirt-edc-s
female,t-shirts,paradiesvogel01,6,Esprit,M / 38 / 10,"6,00 €",https://www.vinted.de/damen/kleidung/tops-and-t-shirts/t-shirts/948640722-weisses-t-shirt-von-esprit-m
female,jacken,paradiesvogel01,4,HIS,S / 36 / 8,"18,00 €",https://www.vinted.de/damen/kleidung/mantel-and-jacken/jacken/jeansjacken/944932069-his-jeansjacke-s
female,tops-and-t-shirts,paradiesvogel01,1,H&M,M / 38 / 10,"7,00 €",https://www.vinted.de/damen/kleidung/tops-and-t-shirts/langarmelige-blusen/944887046-schone-leichte-bluse-braun-38
female,tops-and-t-shirts,paradiesvogel01,0,S.Oliver,S / 36 / 8,"12,00 €",https://www.vinted.de/damen/kleidung/tops-and-t-shirts/schulterfreie-tops/941659816-mega-susses-top-von-soliver-36
female,tops-and-t-shirts,paradiesvogel01,1,edc,S / 36 / 8,"12,00 €",https://www.vinted.de/damen/kleidung/tops-and-t-shirts/kurzarmelige-blusen/941470073-vintage-edc-bluse-s
female,tops-and-t-shirts,paradiesvogel01,8,Madonna,XS / 34 / 6,"3,50 €",https://www.vinted.de/damen/kleidung/tops-and-t-shirts/schulterfreie-tops/941435887-madonna-top-xs-orange
female,t-shirts,paradiesvogel01,0,Esprit,S / 36 / 8,"4,50 €",https://www.vinted.de/damen/kleidung/tops-and-t-shirts/t-shirts/941430859-hellblaues-esprit-shirt-s
female,tops-and-t-shirts,paradiesvogel01,3,Madonna,S / 36 / 8,"4,00 €",https://www.vinted.de/damen/kleidung/tops-and-t-shirts/three-fourths-blusen/941422366-madonna-shirt-s-orange
female,tops-and-t-shirts,paradiesvogel01,2,Esprit,S / 36 / 8,"5,00 €",https://www.vinted.de/damen/kleidung/tops-and-t-shirts/schulterfreie-tops/941413194-susses-top-esprit-s-hellblau
female,t-shirts,paradiesvogel01,2,Tom Tailor,S / 36 / 8,"8,00 €",https://www.vinted.de/damen/kleidung/tops-and-t-shirts/t-shirts/940166045-tom-tailor-t-shirt-s-grau
female,tops-and-t-shirts,paradiesvogel01,1,Die Adler Mannheim,S / 36 / 8,"19,00 €",https://www.vinted.de/damen/kleidung/tops-and-t-shirts/schulterfreie-tops/940160464-top-von-den-mannheimer-adler-s
female,t-shirts,paradiesvogel01,0,Keine,S / 36 / 8,"5,00 €",https://www.vinted.de/damen/kleidung/tops-and-t-shirts/t-shirts/940043638-t-shirt-36-lila
female,t-shirts,paradiesvogel01,2,Selfmade,S / 36 / 8,"9,00 €",https://www.vinted.de/damen/kleidung/tops-and-t-shirts/t-shirts/940026002-selfmade-t-shirt-36
female,tops-and-t-shirts,paradiesvogel01,4,mode machine,XS / 34 / 6,"12,00 €",https://www.vinted.de/damen/kleidung/tops-and-t-shirts/bauchfreie-tops/940008284-susses-crinkle-top-weiss-34-neuwertig
female,tops-and-t-shirts,paradiesvogel01,0,Fanatic,S / 36 / 8,"12,00 €",https://www.vinted.de/damen/kleidung/tops-and-t-shirts/schulterfreie-tops/939934661-vintage-top-36-rot
female,t-shirts,paradiesvogel01,6,Sisley,S / 36 / 8,"5,00 €",https://www.vinted.de/damen/kleidung/tops-and-t-shirts/t-shirts/939888502-sisley-t-shirt-s
female,tops-and-t-shirts,paradiesvogel01,4,Keine,S / 36 / 8,"5,00 €",https://www.vinted.de/damen/kleidung/tops-and-t-shirts/bauchfreie-tops/939820659-grunes-top-s
female,hosen-and-leggings,paradiesvogel01,0,Scd jeans,S / 36 / 8,"12,00 €",https://www.vinted.de/damen/kleidung/hosen-and-leggings/dreiviertel-hosen-and-chinos/939581587-tolle-78-hose-s
female,t-shirts,paradiesvogel01,2,S.Oliver,L / 40 / 12,"5,00 €",https://www.vinted.de/damen/kleidung/tops-and-t-shirts/t-shirts/939557419-cooles-soliver-shirt-40
female,t-shirts,paradiesvogel01,1,Keine,S / 36 / 8,"4,50 €",https://www.vinted.de/damen/kleidung/tops-and-t-shirts/t-shirts/939536736-grunes-t-shirt-s
female,t-shirts,paradiesvogel01,1,edc,XS / 34 / 6,"8,00 €",https://www.vinted.de/damen/kleidung/tops-and-t-shirts/t-shirts/939505414-cooles-edc-shirt-xs
female,t-shirts,paradiesvogel01,2,Alex,S / 36 / 8,"7,00 €",https://www.vinted.de/damen/kleidung/tops-and-t-shirts/t-shirts/939497325-vintage-shirt-von-alex-s
female,t-shirts,paradiesvogel01,2,Modern style,S / 36 / 8,"2,50 €",https://www.vinted.de/damen/kleidung/tops-and-t-shirts/t-shirts/939471687-gelbes-t-shirt-s
female,t-shirts,paradiesvogel01,1,Esprit,M / 38 / 10,"6,00 €",https://www.vinted.de/damen/kleidung/tops-and-t-shirts/t-shirts/938287623-esprit-t-shirt-in-rosa-m
female,t-shirts,paradiesvogel01,0,Mexx,M / 38 / 10,"6,00 €",https://www.vinted.de/damen/kleidung/tops-and-t-shirts/t-shirts/938274976-mexx-t-shirt-m
female,hosen-and-leggings,paradiesvogel01,0,Keine,XS / 34 / 6,"5,00 €",https://www.vinted.de/damen/kleidung/hosen-and-leggings/pluderhosen/938180554-petrolfarbene-pumphose-xs
female,t-shirts,paradiesvogel01,5,Nike,XS / 34 / 6,"12,00 €",https://www.vinted.de/damen/kleidung/tops-and-t-shirts/t-shirts/938100109-cooles-nike-vintage-t-shirt-xs-turkis
female,tops-and-t-shirts,paradiesvogel01,2,Keine,M / 38 / 10,"9,00 €",https://www.vinted.de/damen/kleidung/tops-and-t-shirts/langarmelige-blusen/938087377-tolle-lange-weisse-crinkle-bluse-3638
female,tops-and-t-shirts,paradiesvogel01,12,Gotcha,XS / 34 / 6,"2,50 €",https://www.vinted.de/damen/kleidung/tops-and-t-shirts/schulterfreie-tops/937992846-top-34-grun
female,jacken,paradiesvogel01,1,Blind Date,XS / 34 / 6,"13,00 €",https://www.vinted.de/damen/kleidung/mantel-and-jacken/jacken/leichte-jacken/937595412-coole-leichte-jacke-xs
female,tops-and-t-shirts,paradiesvogel01,8,Grain de Malice,S / 36 / 8,"10,00 €",https://www.vinted.de/damen/kleidung/tops-and-t-shirts/kurzarmelige-blusen/937513000-ausgefallene-bluse-36
female,tops-and-t-shirts,paradiesvogel01,1,Mexx,S / 36 / 8,"10,00 €",https://www.vinted.de/damen/kleidung/tops-and-t-shirts/langarmelige-blusen/937497503-weisse-mexx-bluse-36
female,kleider,paradiesvogel01,10,Keine,S / 36 / 8,"8,00 €",https://www.vinted.de/damen/kleidung/kleider/minis/923066837-graues-kleid-s
female,tops-and-t-shirts,paradiesvogel01,1,Keine,XS / 34 / 6,"5,00 €",https://www.vinted.de/damen/kleidung/tops-and-t-shirts/rollkragen/921880027-schwarzes-langarmshirt-34
female,jeans,paradiesvogel01,0,C&A,S / 36 / 8,"10,00 €",https://www.vinted.de/damen/kleidung/jeans/rohrenjeans/921658022-schwarze-skinny-stretch-glitzer-jeans-36
female,sweater,paradiesvogel01,4,Betty Barclay,S / 36 / 8,"19,00 €",https://www.vinted.de/damen/kleidung/hoodies-and-langarmshirts/sweater/rollkragenpullover/896059835-rollkragen-pullover-bordeaux-36-betty-barclay
female,mantel-and-jacken,paradiesvogel01,4,Sixth Sense,S / 36 / 8,"70,00 €",https://www.vinted.de/damen/kleidung/mantel-and-jacken/wintermantel/895032641-neuer-mantel-braun-36-wolle-pelz
female,hoodies-and-langarmshirts,paradiesvogel01,0,Street One,S / 36 / 8,"12,00 €",https://www.vinted.de/damen/kleidung/hoodies-and-langarmshirts/strickjacken/894947857-tolles-jackchen-street-one-36-lila
female,tuniken,paradiesvogel01,0,Vero Moda,S / 36 / 8,"12,00 €",https://www.vinted.de/damen/kleidung/tops-and-t-shirts/tuniken/894935181-vero-moda-tunika-grun-s
female,sweater,paradiesvogel01,2,S.Oliver,XS / 34 / 6,"10,00 €",https://www.vinted.de/damen/kleidung/hoodies-and-langarmshirts/sweater/strickpullover-fur-den-winter/894927549-gestreifter-kapuzenpulli-soliver-34-weiss-koralle
female,t-shirts,paradiesvogel01,4,Madonna,XS / 34 / 6,"5,00 €",https://www.vinted.de/damen/kleidung/tops-and-t-shirts/t-shirts/894739700-madonna-t-shirt-xs-grau
female,t-shirts,paradiesvogel01,7,Sisley,XS / 34 / 6,"5,00 €",https://www.vinted.de/damen/kleidung/tops-and-t-shirts/t-shirts/894687053-neues-sisley-t-shirt-xs-pink
female,t-shirts,paradiesvogel01,6,Sisley,S / 36 / 8,"3,00 €",https://www.vinted.de/damen/kleidung/tops-and-t-shirts/t-shirts/894683734-sisley-t-shirt-36-orange-basic
female,t-shirts,paradiesvogel01,6,Sisley,XS / 34 / 6,"5,00 €",https://www.vinted.de/damen/kleidung/tops-and-t-shirts/t-shirts/894675727-sisley-t-shirt-neongelb-xs-neu
female,t-shirts,paradiesvogel01,2,Keine,M / 38 / 10,"4,00 €",https://www.vinted.de/damen/kleidung/tops-and-t-shirts/t-shirts/894582428-damen-t-shirt-rot-38
female,tops-and-t-shirts,paradiesvogel01,6,Nike,S / 36 / 8,"10,00 €",https://www.vinted.de/damen/kleidung/tops-and-t-shirts/schulterfreie-tops/894431933-nike-top-s-korallenrot
female,t-shirts,paradiesvogel01,1,Sublevel,XS / 34 / 6,"10,00 €",https://www.vinted.de/damen/kleidung/tops-and-t-shirts/t-shirts/892804086-weisses-t-shirt-von-sublevel-xs
female,t-shirts,paradiesvogel01,3,Madonna,S / 36 / 8,"5,00 €",https://www.vinted.de/damen/kleidung/tops-and-t-shirts/t-shirts/892797867-schwarzes-t-shirt-von-madonna-s
female,jacken,paradiesvogel01,0,Mexx,XS / 34 / 6,"18,00 €",https://www.vinted.de/damen/kleidung/mantel-and-jacken/jacken/leichte-jacken/892407841-mexx-jacke-34-limone-khaki-mexx
female,hoodies-and-langarmshirts,paradiesvogel01,6,edc,XS / 34 / 6,"13,00 €",https://www.vinted.de/damen/kleidung/activewear/hoodies-and-langarmshirts/881223461-sweatjacke-pink-edc-xs
female,jeans,paradiesvogel01,2,Vero Moda,S / 36 / 8,"12,00 €",https://www.vinted.de/damen/kleidung/jeans/rohrenjeans/881153311-strong-lw-destroy-jeans-von-vero-moda-28
female,t-shirts,paradiesvogel01,2,Esprit,XS / 34 / 6,"6,00 €",https://www.vinted.de/damen/kleidung/tops-and-t-shirts/t-shirts/880864075-esprit-t-shirt-xs-turkis
female,sweater,paradiesvogel01,1,Keine,M / 38 / 10,"5,00 €",https://www.vinted.de/damen/kleidung/hoodies-and-langarmshirts/sweater/three-fourths-armelige-pullover/880854700-susses-shirt-hellgrau-m
female,t-shirts,paradiesvogel01,6,Nike,S / 36 / 8,"15,00 €",https://www.vinted.de/damen/kleidung/tops-and-t-shirts/t-shirts/880840401-nike-t-shirt-dunkelblau-s
female,t-shirts,paradiesvogel01,6,Fishbone,M / 38 / 10,"3,00 €",https://www.vinted.de/damen/kleidung/tops-and-t-shirts/t-shirts/880834222-fishbone-t-shirt-turkis-m
female,shirts,paradiesvogel01,3,Madonna,XS / 34 / 6,"4,50 €",https://www.vinted.de/damen/kleidung/tops-and-t-shirts/shirts/880820207-madonna-t-shirt-xs-schwarz
female,tops-and-t-shirts,paradiesvogel01,4,FILA,S / 36 / 8,"12,00 €",https://www.vinted.de/damen/kleidung/tops-and-t-shirts/bauchfreie-tops/880807810-vintage-fila-top-s-schwarz-weiss
female,t-shirts,paradiesvogel01,3,Fishbone,XS / 34 / 6,"4,00 €",https://www.vinted.de/damen/kleidung/tops-and-t-shirts/t-shirts/880778597-fishbone-shirt-grau-xs
female,jacken,paradiesvogel01,0,Joy,S / 36 / 8,"17,00 €",https://www.vinted.de/damen/kleidung/mantel-and-jacken/jacken/jeansjacken/880747522-jeansjackeblazer-von-joy-offwhite-36
female,jacken,paradiesvogel01,8,TCM,L / 40 / 12,"42,00 €",https://www.vinted.de/damen/kleidung/mantel-and-jacken/jacken/lederjacken/880686657-echtleder-mantel-schwarz-40
female,jacken,paradiesvogel01,3,Orsay,XS / 34 / 6,"19,00 €",https://www.vinted.de/damen/kleidung/mantel-and-jacken/jacken/lederjacken/880662718-kunstlederjacke-orsay-34-schwarz-grau
female,hoodies-and-langarmshirts,paradiesvogel01,2,flame,S / 36 / 8,"11,00 €",https://www.vinted.de/damen/kleidung/hoodies-and-langarmshirts/boleros/880376639-susses-jackchen-von-flame-3436-jeansblau
female,sweater,paradiesvogel01,2,Tally Weijl,S / 36 / 8,"12,00 €",https://www.vinted.de/damen/kleidung/hoodies-and-langarmshirts/sweater/lange-pullover/880321061-tally-weijl-pullover-s-schwarz-weiss-meliert
female,tops-and-t-shirts,paradiesvogel01,2,Mexx,S / 36 / 8,"8,00 €",https://www.vinted.de/damen/kleidung/tops-and-t-shirts/langarmelige-blusen/872629856-mexx-bluse-38-khaki
female,turnschuhe,paradiesvogel01,11,Nike,38,"99,00 €",https://www.vinted.de/damen/schuhe/turnschuhe/872602439-nike-air-max-1-weiss-38
female,turnschuhe,paradiesvogel01,4,Nike,38,"89,00 €",https://www.vinted.de/damen/schuhe/turnschuhe/872580757-nike-air-max-90-silber-38
female,tops-and-t-shirts,paradiesvogel01,2,Key Largo,M / 38 / 10,"7,00 €",https://www.vinted.de/damen/kleidung/tops-and-t-shirts/langarmelige-blusen/872457928-key-largo-langarmshirt-lila-m
female,jeans,paradiesvogel01,0,Keine,S / 36 / 8,"15,00 €",https://www.vinted.de/damen/kleidung/jeans/dreiviertel-jeans/872333642-jeanshose-78-m
female,tops-and-t-shirts,paradiesvogel01,6,Betty Barclay,M / 38 / 10,"19,00 €",https://www.vinted.de/damen/kleidung/tops-and-t-shirts/langarmelige-blusen/872293101-bluse-lila-von-betty-barclay-38
female,jacken,paradiesvogel01,3,Betty Barclay,L / 40 / 12,"30,00 €",https://www.vinted.de/damen/kleidung/mantel-and-jacken/jacken/leichte-jacken/872089648-leichte-jacke-blazer-von-betty-barclay-40
female,hoodies-and-langarmshirts,paradiesvogel01,2,JOYX,S / 36 / 8,"13,00 €",https://www.vinted.de/damen/kleidung/hoodies-and-langarmshirts/strickjacken/872056834-braune-strickjacke-3638
female,hoodies-and-langarmshirts,paradiesvogel01,4,edc,L / 40 / 12,"15,00 €",https://www.vinted.de/damen/kleidung/hoodies-and-langarmshirts/strickjacken/872027210-kurze-gelbe-strickjacke-l-edc
female,sweater,paradiesvogel01,6,Betty Barclay,M / 38 / 10,"18,00 €",https://www.vinted.de/damen/kleidung/hoodies-and-langarmshirts/sweater/pullover-mit-v-ausschnitt/872008793-gelber-pulli-von-betty-barclay-38
female,stiefel,paradiesvogel01,1,Keine,38,"12,00 €",https://www.vinted.de/damen/schuhe/boots/stiefel/871900955-warme-gefutterte-winterboots-leder-38-wasserabweisend
female,tops-and-t-shirts,paradiesvogel01,0,Tom Tailor,S / 36 / 8,"12,00 €",https://www.vinted.de/damen/kleidung/tops-and-t-shirts/kurzarmelige-blusen/871111492-coole-karierte-bluse-von-tom-tailor-denim-s
female,t-shirts,paradiesvogel01,1,Amisu,XS / 34 / 6,"3,50 €",https://www.vinted.de/damen/kleidung/tops-and-t-shirts/t-shirts/871103101-t-shirt-34-offwhite
female,t-shirts,paradiesvogel01,4,Janina,L / 40 / 12,"2,50 €",https://www.vinted.de/damen/kleidung/tops-and-t-shirts/t-shirts/871096581-weiss-blaues-t-shirt-40
female,t-shirts,paradiesvogel01,6,Koton,S / 36 / 8,"5,00 €",https://www.vinted.de/damen/kleidung/tops-and-t-shirts/t-shirts/871083531-cooles-shirt-weiss-orange-s
female,tops-and-t-shirts,paradiesvogel01,1,Joy,S / 36 / 8,"10,00 €",https://www.vinted.de/damen/kleidung/tops-and-t-shirts/langarmelige-blusen/871077362-weisse-bluse-von-joy-36
female,t-shirts,paradiesvogel01,4,Eugen Klein,M / 38 / 10,"10,00 €",https://www.vinted.de/damen/kleidung/tops-and-t-shirts/t-shirts/871040646-schickes-t-shirt-weiss-braun-von-eugen-klein-38
female,t-shirts,paradiesvogel01,3,Fruit of the Loom,S / 36 / 8,"5,00 €",https://www.vinted.de/damen/kleidung/tops-and-t-shirts/t-shirts/869460802-fruit-of-de-loom-t-shirt-s-royalblau
female,tops-and-t-shirts,paradiesvogel01,5,Keine,M / 38 / 10,"2,00 €",https://www.vinted.de/damen/kleidung/tops-and-t-shirts/schulterfreie-tops/869446016-top-grun-m
female,t-shirts,paradiesvogel01,3,Keine,S / 36 / 8,"3,00 €",https://www.vinted.de/damen/kleidung/tops-and-t-shirts/t-shirts/869423418-t-shirt-pink-sm
female,t-shirts,paradiesvogel01,4,Keine,S / 36 / 8,"3,00 €",https://www.vinted.de/damen/kleidung/tops-and-t-shirts/t-shirts/869415418-t-shirt-rot-s
female,kleider,paradiesvogel01,6,Yessica,S / 36 / 8,"19,00 €",https://www.vinted.de/damen/kleidung/kleider/minis/858045487-schwarzes-strickkleid-von-yessica-s
female,kleider,paradiesvogel01,4,Yessica,S / 36 / 8,"19,00 €",https://www.vinted.de/damen/kleidung/kleider/minis/857782693-schickes-strickkleid-von-yessica-s-petrol
female,jeans,paradiesvogel01,0,America Today,M / 38 / 10,"15,00 €",https://www.vinted.de/damen/kleidung/jeans/rohrenjeans/857771083-jeans-dunkelblau-29-von-america-today
female,tuniken,paradiesvogel01,7,Keine,M / 38 / 10,"7,00 €",https://www.vinted.de/damen/kleidung/tops-and-t-shirts/tuniken/857732941-buntes-shirt-m
female,jeans,paradiesvogel01,4,Gina,S / 36 / 8,"10,00 €",https://www.vinted.de/damen/kleidung/jeans/gerade-geschnittene-jeans/857642543-jeans-mit-sternen-36
female,tops-and-t-shirts,paradiesvogel01,0,Keine,S / 36 / 8,"5,00 €",https://www.vinted.de/damen/kleidung/tops-and-t-shirts/three-fourths-blusen/857629829-susses-schwarzes-shirt-sm
female,kleider,paradiesvogel01,2,Barisal,S / 36 / 8,"17,00 €",https://www.vinted.de/damen/kleidung/kleider/midikleider/820920522-schwarz-weisses-wickelkleid-von-barisal-36
female,hosen-and-leggings,paradiesvogel01,0,One Green Elephant,M / 38 / 10,"22,00 €",https://www.vinted.de/damen/kleidung/hosen-and-leggings/rohrenhosen/820909217-one-green-elephant-cordhose-38
female,hosen-and-leggings,paradiesvogel01,3,Vero Moda,S / 36 / 8,"10,00 €",https://www.vinted.de/damen/kleidung/hosen-and-leggings/rohrenhosen/820905218-vero-moda-high-waist-hose-sm
female,hosen-and-leggings,paradiesvogel01,8,Vero Moda,S / 36 / 8,"10,00 €",https://www.vinted.de/damen/kleidung/hosen-and-leggings/rohrenhosen/820900651-schwarze-vero-moda-high-waist-hose-sm
female,hosen-and-leggings,paradiesvogel01,1,Grain de Malice,XS / 34 / 6,"29,00 €",https://www.vinted.de/damen/kleidung/hosen-and-leggings/lederhosen/820895345-lederhose-schwarz-34-grain-de-malice
female,t-shirts,paradiesvogel01,1,S.Oliver,L / 40 / 12,"13,00 €",https://www.vinted.de/damen/kleidung/tops-and-t-shirts/t-shirts/819739947-soliver-bluse-40-schwarz-creme-weinrot
female,blusen,paradiesvogel01,8,Mix nouveau New York,L / 40 / 12,"10,00 €",https://www.vinted.de/damen/kleidung/tops-and-t-shirts/blusen/819721313-armellose-bluse-schwarz-creme-l
female,sweater,paradiesvogel01,2,123,S / 36 / 8,"18,00 €",https://www.vinted.de/damen/kleidung/hoodies-and-langarmshirts/sweater/three-fourths-armelige-pullover/819705953-schicker-kurzarm-strickpullover-von-123-3436
female,hosen-and-leggings,paradiesvogel01,1,Atmosphere,S / 36 / 8,"5,00 €",https://www.vinted.de/damen/kleidung/hosen-and-leggings/dreiviertel-hosen-and-chinos/819693965-neuwertige-hose-in-schwarz-atmosphere-36
female,hosen-and-leggings,paradiesvogel01,4,Tally Weijl,L / 40 / 12,"7,00 €",https://www.vinted.de/damen/kleidung/hosen-and-leggings/rohrenhosen/819686462-tally-weijl-hose-40-khaki
female,hosen-and-leggings,paradiesvogel01,1,ONLY,M / 38 / 10,"17,00 €",https://www.vinted.de/damen/kleidung/hosen-and-leggings/rohrenhosen/819667606-only-hose-beige-m
female,tops-and-t-shirts,paradiesvogel01,7,Brunetti,M / 38 / 10,"19,00 €",https://www.vinted.de/damen/kleidung/tops-and-t-shirts/langarmelige-blusen/819655895-crinkle-bluse-von-brunetti-38-orange-gelb-grun
female,hoodies-and-langarmshirts,paradiesvogel01,3,Keine,S / 36 / 8,"19,00 €",https://www.vinted.de/damen/kleidung/hoodies-and-langarmshirts/strickjacken/819642026-wickelstrickjacke-grun-36
female,tops-and-t-shirts,paradiesvogel01,3,Taifun,L / 40 / 12,"18,00 €",https://www.vinted.de/damen/kleidung/tops-and-t-shirts/langarmelige-blusen/819626858-crinkle-bluse-von-taifun-40-grun-braun
female,tops-and-t-shirts,paradiesvogel01,1,Joy,M / 38 / 10,"6,00 €",https://www.vinted.de/damen/kleidung/tops-and-t-shirts/langarmelige-blusen/819600324-bluse-von-joy-38-turkis
female,jeans,paradiesvogel01,0,Grain de Malice,XS / 34 / 6,"15,00 €",https://www.vinted.de/damen/kleidung/jeans/jeans-mit-hoher-taille/819594305-high-waist-jeans-von-grain-de-malice-34
female,hosen-and-leggings,paradiesvogel01,5,Tally Weijl,L / 40 / 12,"5,00 €",https://www.vinted.de/damen/kleidung/hosen-and-leggings/leggings/819549046-tally-weijl-jeggings-blau-40
female,kleider,paradiesvogel01,4,She,S / 36 / 8,"15,00 €",https://www.vinted.de/damen/kleidung/kleider/minis/819505572-susses-frotteekleid-3638
female,kleider,paradiesvogel01,1,true vintage,S / 36 / 8,"59,00 €",https://www.vinted.de/damen/kleidung/kleider/midikleider/804347954-super-tolles-edles-true-vintage-samtkleid-3638-schwarz-rot
female,tops-and-t-shirts,paradiesvogel01,6,Keine,S / 36 / 8,"17,00 €",https://www.vinted.de/damen/kleidung/tops-and-t-shirts/schulterfreie-tops/804291650-ausgefallener-top-36-neu
female,mantel-and-jacken,paradiesvogel01,9,Marciano,S / 36 / 8,"140,00 €",https://www.vinted.de/damen/kleidung/mantel-and-jacken/wintermantel/801363755-mantel-der-extraklasse-von-guess-by-marciano-neu-anthrazit-schwarz
female,hosen-and-leggings,paradiesvogel01,7,MASSIMO DUTTI,XL / 42 / 14,"35,00 €",https://www.vinted.de/damen/kleidung/hosen-and-leggings/dreiviertel-hosen-and-chinos/801309914-schicke-hellgraue-massimo-dutti-hose-neu-42
female,boots,paradiesvogel01,5,Trussardi,36,"40,00 €",https://www.vinted.de/damen/schuhe/boots/springerstiefel/796748484-neue-plateau-boots-von-trussardi-schwarz-36
female,hosen-and-leggings,paradiesvogel01,1,Zara,S / 36 / 8,"25,00 €",https://www.vinted.de/damen/kleidung/hosen-and-leggings/dreiviertel-hosen-and-chinos/796224301-zara-hose-kariert-36-beige-braun-schwarz-neu
female,kleider,paradiesvogel01,11,Clockhouse,L / 40 / 12,"15,00 €",https://www.vinted.de/damen/kleidung/kleider/minis/792944815-susses-kleid-l-schwarz-lila
female,kleider,paradiesvogel01,4,Edun,XS / 34 / 6,"8,00 €",https://www.vinted.de/damen/kleidung/kleider/winterkleider/792902111-schwarzes-strickkleid-xs
female,shirts,paradiesvogel01,7,Tally Weijl,XXS / 32 / 4,"5,00 €",https://www.vinted.de/damen/kleidung/tops-and-t-shirts/shirts/790157887-langarmshirt-telly-weijl-xxs
female,hoodies-and-langarmshirts,paradiesvogel01,1,Keine,S / 36 / 8,"10,00 €",https://www.vinted.de/damen/kleidung/hoodies-and-langarmshirts/strickjacken/790105328-strickjacke-schwarz-neu-36
female,hosen-and-leggings,paradiesvogel01,0,Grain de Malice,S / 36 / 8,"15,00 €",https://www.vinted.de/damen/kleidung/hosen-and-leggings/dreiviertel-hosen-and-chinos/790081132-grain-de-malice-hose-34-dunkelblau-schwarz
female,sweater,paradiesvogel01,9,Rose and Crown,M / 38 / 10,"8,00 €",https://www.vinted.de/damen/kleidung/hoodies-and-langarmshirts/sweater/lange-pullover/790001901-langarmshirt-verspielt-l-jeansblau
female,tops-and-t-shirts,paradiesvogel01,4,Keine,S / 36 / 8,"8,00 €",https://www.vinted.de/damen/kleidung/tops-and-t-shirts/schulterfreie-tops/789983205-stricktop-ausgefallen-grun-s
female,sweater,paradiesvogel01,3,Jean pascale,XS / 34 / 6,"5,00 €",https://www.vinted.de/damen/kleidung/hoodies-and-langarmshirts/sweater/three-fourths-armelige-pullover/789932228-pullover-von-jean-pascale-xs-dunkelblau-weiss
female,sweater,paradiesvogel01,6,Melrose,S / 36 / 8,"10,00 €",https://www.vinted.de/damen/kleidung/hoodies-and-langarmshirts/sweater/lange-pullover/789816982-pullover-von-melrose-3638-grau
female,sweater,paradiesvogel01,1,Street One,M / 38 / 10,"7,00 €",https://www.vinted.de/damen/kleidung/hoodies-and-langarmshirts/sweater/lange-pullover/789769086-street-one-langarmshirt-mit-spitze-jeansblau-38
female,sweater,paradiesvogel01,3,Blind Date,M / 38 / 10,"5,00 €",https://www.vinted.de/damen/kleidung/hoodies-and-langarmshirts/sweater/three-fourths-armelige-pullover/789739499-blind-date-pullover-weinrot-38
female,sweater,paradiesvogel01,2,Keine,S / 36 / 8,"6,00 €",https://www.vinted.de/damen/kleidung/hoodies-and-langarmshirts/sweater/lange-pullover/789632816-langer-leichter-brauner-pulli
female,sweater,paradiesvogel01,2,Keine,S / 36 / 8,"6,00 €",https://www.vinted.de/damen/kleidung/hoodies-and-langarmshirts/sweater/lange-pullover/789616096-ausgefallener-leichter-pulli-in-grun
female,sweater,paradiesvogel01,0,Keine,S / 36 / 8,"5,00 €",https://www.vinted.de/damen/kleidung/hoodies-and-langarmshirts/sweater/lange-pullover/789582654-langer-pullover-weiss-braun-3436
female,sweater,paradiesvogel01,2,Keine,S / 36 / 8,"9,00 €",https://www.vinted.de/damen/kleidung/hoodies-and-langarmshirts/sweater/lange-pullover/789575252-langer-pullover-mit-gurtel-turkis-36
female,sweater,paradiesvogel01,4,Taifun,L / 40 / 12,"12,00 €",https://www.vinted.de/damen/kleidung/hoodies-and-langarmshirts/sweater/lange-pullover/789565669-taifun-pullover-silber-grau-3840
female,sweater,paradiesvogel01,10,Bershka,L / 40 / 12,"6,00 €",https://www.vinted.de/damen/kleidung/hoodies-and-langarmshirts/sweater/lange-pullover/789556720-bershka-pullover-l-neu-wollweiss
female,hoodies-and-langarmshirts,paradiesvogel01,3,Keine,M / 38 / 10,"10,00 €",https://www.vinted.de/damen/kleidung/hoodies-and-langarmshirts/strickjacken/789540816-strickweste-made-in-italy-graublau
female,sweater,paradiesvogel01,4,Keine,M / 38 / 10,"7,00 €",https://www.vinted.de/damen/kleidung/hoodies-and-langarmshirts/sweater/strickpullover-fur-den-winter/789512018-langer-pullover-leo-3638
female,sweater,paradiesvogel01,2,S.Oliver,S / 36 / 8,"10,00 €",https://www.vinted.de/damen/kleidung/hoodies-and-langarmshirts/sweater/strickpullover-fur-den-winter/789496589-soliver-pullover-36-pink-grau-lila
male,jacken,paradiesvogel01,52,NBA,XL,"100,00 €",https://www.vinted.de/herren/kleidung/oberbekleidung/jacken/leichte-jacken/787151501-nba-jacke-hardwood-classics-neu-xl-schwarz-bunt
female,absatzschuhe,paradiesvogel01,6,Zara,37,"25,00 €",https://www.vinted.de/damen/schuhe/absatzschuhe/clogs-and-pantoletten/785129229-zara-schuhe-schwarz-leder-neu-37
female,hosen-and-leggings,paradiesvogel01,48,Guess,XS / 34 / 6,"30,00 €",https://www.vinted.de/damen/kleidung/hosen-and-leggings/leggings/784054334-guess-leggings-schwarz-neu-xs
female,boots,paradiesvogel01,5,Zara,38,"40,00 €",https://www.vinted.de/damen/schuhe/boots/plateauschuhe/782361253-plateau-stiefelette-zara-leder-neu-38-letzter-preis-gunstiger-werden-sie-nicht
female,stiefelette,paradiesvogel01,83,Zara,38,"45,00 €",https://www.vinted.de/damen/schuhe/stiefelette/780796053-zara-weisse-stiefelette-38-neu-leder
female,turnschuhe,paradiesvogel01,0,BULLBOXER,37,"25,00 €",https://www.vinted.de/damen/schuhe/turnschuhe/stoffschuhe/775643100-hohe-bullboxer-sneaker-37-nieten-vintage-look
female,hosen-and-leggings,paradiesvogel01,8,MASSIMO DUTTI,XXL / 44 / 16,"35,00 €",https://www.vinted.de/damen/kleidung/hosen-and-leggings/dreiviertel-hosen-and-chinos/775288487-neue-schicke-hose-von-massimo-dutti-44
female,t-shirts,paradiesvogel01,1,APRIORI,S / 36 / 8,"15,00 €",https://www.vinted.de/damen/kleidung/tops-and-t-shirts/t-shirts/769721034-apriori-strickpullunder-36-taupe-gelbgrun
female,tops-and-t-shirts,paradiesvogel01,1,APRIORI,S / 36 / 8,"9,00 €",https://www.vinted.de/damen/kleidung/tops-and-t-shirts/rollkragen/769703038-rollkragenshirt-gelbgrun-apriori-36
female,hoodies-and-langarmshirts,paradiesvogel01,2,Cecil,S / 36 / 8,"14,00 €",https://www.vinted.de/damen/kleidung/hoodies-and-langarmshirts/westen/769688824-cecil-strickweste-s-flieder-dunkelblau
female,tops-and-t-shirts,paradiesvogel01,3,Tom Tailor,M / 38 / 10,"10,00 €",https://www.vinted.de/damen/kleidung/tops-and-t-shirts/three-fourths-blusen/763949291-tom-taylor-denim-bluse-m-altrosa
female,jeans,paradiesvogel01,2,Keine,S / 36 / 8,"10,00 €",https://www.vinted.de/damen/kleidung/jeans/rohrenjeans/763905187-jeans-rosa-3638
female,shirts,paradiesvogel01,15,Betty Barclay,S / 36 / 8,"8,00 €",https://www.vinted.de/damen/kleidung/tops-and-t-shirts/shirts/763811810-betty-barclay-shirt-orange-3436
female,hoodies-and-langarmshirts,paradiesvogel01,3,Esprit,M / 38 / 10,"12,00 €",https://www.vinted.de/damen/kleidung/hoodies-and-langarmshirts/westen/763545300-esprit-weste-bordeaux-m
female,stiefel,paradiesvogel01,1,SPM,38,"39,00 €",https://www.vinted.de/damen/schuhe/boots/stiefel/761671338-spm-lederstiefel-dunkelbraun-38
female,stiefel,paradiesvogel01,0,Zanon & Zago,38,"10,00 €",https://www.vinted.de/damen/schuhe/boots/stiefel/761655685-braune-zanon-zago-stiefel-37-leder
female,stiefel,paradiesvogel01,1,Zanon & Zago,38,"15,00 €",https://www.vinted.de/damen/schuhe/boots/stiefel/761640542-wildlederstiefel-von-zanon-zago-grau-38-keilabsatz
female,mantel-and-jacken,paradiesvogel01,1,liebesglück,S / 36 / 8,"45,00 €",https://www.vinted.de/damen/kleidung/mantel-and-jacken/trenchcoats/761627100-gruner-mantel-von-liebesgluck-36
female,hosen-and-leggings,paradiesvogel01,7,Yorn,S / 36 / 8,"5,00 €",https://www.vinted.de/damen/kleidung/hosen-and-leggings/breit-geschnittene-hosen/761177714-braune-hose-von-yorn-36
female,mantel-and-jacken,paradiesvogel01,2,NKD,S / 36 / 8,"14,00 €",https://www.vinted.de/damen/kleidung/mantel-and-jacken/wintermantel/761102335-schicker-mantel-beige-36
male,jacken,paradiesvogel01,6,BOSS,XXL,"55,00 €",https://www.vinted.de/herren/kleidung/oberbekleidung/jacken/lederjacken/760998814-vintage-boss-lederjacke-56-schwarz
female,hosen-and-leggings,paradiesvogel01,5,One Touch,S / 36 / 8,"17,00 €",https://www.vinted.de/damen/kleidung/hosen-and-leggings/breit-geschnittene-hosen/760553968-schicke-schwarze-hose-von-one-touch-36
female,hosen-and-leggings,paradiesvogel01,3,Keine,XS / 34 / 6,"6,00 €",https://www.vinted.de/damen/kleidung/hosen-and-leggings/rohrenhosen/760504884-schwarze-skinny-hose-xs
female,jeans,paradiesvogel01,3,Hollister,M / 38 / 10,"15,00 €",https://www.vinted.de/damen/kleidung/jeans/rohrenjeans/758170116-neue-jeans-von-hollister-2931-hell
female,jeans,paradiesvogel01,1,MAC,S / 36 / 8,"22,00 €",https://www.vinted.de/damen/kleidung/jeans/gerade-geschnittene-jeans/758141990-mac-dunkelblaue-jeans-36
female,hoodies-and-langarmshirts,paradiesvogel01,5,Orsay,S / 36 / 8,"15,00 €",https://www.vinted.de/damen/kleidung/hoodies-and-langarmshirts/westen/757215718-orsay-strickweste-s-ausgefallen-taupe
female,blusen,paradiesvogel01,0,Joy,M / 38 / 10,"9,00 €",https://www.vinted.de/damen/kleidung/tops-and-t-shirts/blusen/757196671-creme-farbene-bluse-von-joy-38
female,hosen-and-leggings,paradiesvogel01,2,Tom Tailor,S / 36 / 8,"15,00 €",https://www.vinted.de/damen/kleidung/hosen-and-leggings/dreiviertel-hosen-and-chinos/757177305-coole-tom-tailor-denim-cordhose-super-skinny-29
female,hosen-and-leggings,paradiesvogel01,2,selection by s'Oliver,S / 36 / 8,"12,00 €",https://www.vinted.de/damen/kleidung/hosen-and-leggings/dreiviertel-hosen-and-chinos/757137919-schicke-schwarze-hose-von-selection-by-soliver-36
female,hosen-and-leggings,paradiesvogel01,6,Vero Moda,S / 36 / 8,"10,00 €",https://www.vinted.de/damen/kleidung/hosen-and-leggings/rohrenhosen/757116938-vero-moda-leggings-grun-sm
male,jacken,paradiesvogel01,1,Pioneer,L,"40,00 €",https://www.vinted.de/herren/kleidung/oberbekleidung/jacken/jeansjacken/755354032-coole-vintage-jeansjacke-von-pioneer-m
female,hoodies-and-langarmshirts,paradiesvogel01,2,Betty Barclay,M / 38 / 10,"12,00 €",https://www.vinted.de/damen/kleidung/hoodies-and-langarmshirts/westen/755313583-betty-barclay-strickweste-38-lila
female,hosen-and-leggings,paradiesvogel01,22,Vintage,XS / 34 / 6,"50,00 €",https://www.vinted.de/damen/kleidung/hosen-and-leggings/lederhosen/753575514-vintage-lederhose-echtleder-schwarz-xs
male,hemden,paradiesvogel01,3,BOSS,XXL,"69,00 €",https://www.vinted.de/herren/kleidung/tops-and-t-shirts/hemden/sonstiges/752825312-neuwertiges-boss-hemd-xxl-schwarz-grau
female,hosen-and-leggings,paradiesvogel01,56,Ralph Lauren,L / 40 / 12,"110,00 €",https://www.vinted.de/damen/kleidung/hosen-and-leggings/breit-geschnittene-hosen/749931768-coole-neue-ralph-lauren-hose-40-kariert-beige-braun
female,hosen-and-leggings,paradiesvogel01,3,United Colors of Benetton,S / 36 / 8,"8,00 €",https://www.vinted.de/damen/kleidung/hosen-and-leggings/dreiviertel-hosen-and-chinos/749623874-neue-schicke-united-colors-of-benetton-hose-schwarz-weiss-36
female,stiefel,paradiesvogel01,3,Lasacrada,38,"260,00 €",https://www.vinted.de/damen/schuhe/boots/stiefel/745406549-exklusive-stiefeln-in-royalblau-camel-leder-38
female,hosen-and-leggings,paradiesvogel01,3,MASSIMO DUTTI,XS / 34 / 6,"35,00 €",https://www.vinted.de/damen/kleidung/hosen-and-leggings/dreiviertel-hosen-and-chinos/744139098-neue-massimo-dutti-hose-anthrazit-34
female,mantel-and-jacken,paradiesvogel01,111,MASSIMO DUTTI,L / 40 / 12,"90,00 €",https://www.vinted.de/damen/kleidung/mantel-and-jacken/wintermantel/733940382-massimo-dutti-mantel-neu-l-weinrot
female,sweater,paradiesvogel01,13,MASSIMO DUTTI,M / 38 / 10,"30,00 €",https://www.vinted.de/damen/kleidung/hoodies-and-langarmshirts/sweater/pullover-mit-v-ausschnitt/724461820-massimo-dutti-pullover-in-blau-m-neu
female,sweater,paradiesvogel01,25,Guess,L / 40 / 12,"39,00 €",https://www.vinted.de/damen/kleidung/hoodies-and-langarmshirts/sweater/lange-pullover/724461765-neuer-guess-pullover-ausgefallen-neu-babyblau-l
female,hosen-and-leggings,paradiesvogel01,38,MASSIMO DUTTI,L / 40 / 12,"35,00 €",https://www.vinted.de/damen/kleidung/hosen-and-leggings/dreiviertel-hosen-and-chinos/724461736-neue-hose-von-massimo-dutti-beige-40
female,hosen-and-leggings,paradiesvogel01,10,MASSIMO DUTTI,L / 40 / 12,"35,00 €",https://www.vinted.de/damen/kleidung/hosen-and-leggings/dreiviertel-hosen-and-chinos/724461729-neue-massimo-dutti-hose-schick-40-gestreift
female,jacken,paradiesvogel01,2,on parle de vous Paris,S / 36 / 8,"10,00 €",https://www.vinted.de/damen/kleidung/mantel-and-jacken/jacken/leichte-jacken/724461490-super-schone-ausgefallene-jacke-schwarz-36
male,jacken,paradiesvogel01,1,Esprit,XL,"35,00 €",https://www.vinted.de/herren/kleidung/oberbekleidung/jacken/fleecejacken/724461481-esprit-wendejacke-mit-fleece-xl-schwarz-weiss
male,oberbekleidung,paradiesvogel01,0,&motion,XL,"35,00 €",https://www.vinted.de/herren/kleidung/oberbekleidung/sonstiges/724461424-vintage-skijacke-rot-von-motion-54
female,jacken,paradiesvogel01,0,C&A,M / 38 / 10,"12,00 €",https://www.vinted.de/damen/kleidung/mantel-and-jacken/jacken/daunenjacke/724461416-daunenparka-grau-m
female,mantel-and-jacken,paradiesvogel01,3,Steve Madden,S / 36 / 8,"15,00 €",https://www.vinted.de/damen/kleidung/mantel-and-jacken/parkas/724461393-steve-madden-jacke-schwarz-s
female,stiefelette,paradiesvogel01,0,Keine,39,"8,00 €",https://www.vinted.de/damen/schuhe/stiefelette/724461382-stiefeln-camelfarben-39
female,absatzschuhe,paradiesvogel01,1,Gero Mure,39,"90,00 €",https://www.vinted.de/damen/schuhe/absatzschuhe/high-heels-and-pumps/724461271-gero-muro-lederpumps-39-schwarz-wildleder-glitzer
female,turnschuhe,paradiesvogel01,3,Nike,38,"39,00 €",https://www.vinted.de/damen/schuhe/turnschuhe/724461251-nike-beige-nubuk-sneaker-38
female,turnschuhe,paradiesvogel01,7,Stella McCartney,38,"17,00 €",https://www.vinted.de/damen/schuhe/turnschuhe/724461230-adidas-by-stella-mc-cartney-38
female,turnschuhe,paradiesvogel01,2,Dockers,39,"14,00 €",https://www.vinted.de/damen/schuhe/turnschuhe/724461212-dockers-schwarz-weiss-sneaker-leder-39
female,stiefelette,paradiesvogel01,3,Peckott,38,"30,00 €",https://www.vinted.de/damen/schuhe/stiefelette/724461197-dunkelblaue-stiefelettevon-peckott-denim-nubukleder-38
female,stiefelette,paradiesvogel01,3,Andrea Conti,37,"25,00 €",https://www.vinted.de/damen/schuhe/stiefelette/724461193-andrea-conti-lederstiefelette-schwarz-37
female,turnschuhe,paradiesvogel01,3,Pastry,39,"25,00 €",https://www.vinted.de/damen/schuhe/turnschuhe/724461172-schwarze-hohe-sneaker-neu-39
female,stiefel,paradiesvogel01,15,Buffalo,39,"50,00 €",https://www.vinted.de/damen/schuhe/boots/stiefel/724461159-buffalo-angesagte-stiefeln-leder-39
female,stiefel,paradiesvogel01,1,Marco Tozzi,38,"40,00 €",https://www.vinted.de/damen/schuhe/boots/stiefel/724461146-marco-tozzi-neuwertige-dunkelbraune-stiefeln-38-leder
female,hoodies-and-langarmshirts,paradiesvogel01,1,Mexx,M / 38 / 10,"5,00 €",https://www.vinted.de/damen/kleidung/activewear/hoodies-and-langarmshirts/724461134-mexx-sport-langarmshirt-m
female,jeans,paradiesvogel01,0,Bullhead,XXXS / 30 / 2,"12,99 €",https://www.vinted.de/damen/kleidung/jeans/sonstiges/724460941-bullhead-hermosa-jeans-super-skinny-24-bzw-gr-0-kurzgeschnitten
male,sweater,paradiesvogel01,6,Vintage,XXL,"69,00 €",https://www.vinted.de/herren/kleidung/pullover-and-sweater/sweater/724460926-mega-cooles-langes-vintage-sweater-beige-braun-xxl
male,hemden,paradiesvogel01,1,Cavori,XL,"6,00 €",https://www.vinted.de/herren/kleidung/tops-and-t-shirts/hemden/einfarbige-hemden/724460910-rotes-hemd-xl-kurzarmelig
female,stiefelette,paradiesvogel01,2,Zanon & Zago,38,"39,00 €",https://www.vinted.de/damen/schuhe/stiefelette/724460770-zanon-zago-stiefelette-schwarz-leder-absatz-38
female,absatzschuhe,paradiesvogel01,2,S.Oliver,39,"19,00 €",https://www.vinted.de/damen/schuhe/absatzschuhe/high-heels-and-pumps/724460761-s-oliver-schwarze-glitzerpumps-neu-39
female,stiefelette,paradiesvogel01,0,Venturini,38,"35,00 €",https://www.vinted.de/damen/schuhe/stiefelette/724460737-venturini-wildleder-stiefelette-38-braun-fell
female,absatzschuhe,paradiesvogel01,2,Graceland,38,"8,00 €",https://www.vinted.de/damen/schuhe/absatzschuhe/schuhe-mit-keilabsatz/724460714-stiefelette-graceland-braun-38
female,absatzschuhe,paradiesvogel01,2,Baby Phat,40,"18,00 €",https://www.vinted.de/damen/schuhe/absatzschuhe/schuhe-mit-keilabsatz/724460694-baby-phat-gold-40
female,stiefelette,paradiesvogel01,6,Zara,38,"12,00 €",https://www.vinted.de/damen/schuhe/stiefelette/724460678-zara-stiefelette-bunt-blumchen
female,hosen-and-leggings,paradiesvogel01,19,MASSIMO DUTTI,XS / 34 / 6,"18,00 €",https://www.vinted.de/damen/kleidung/hosen-and-leggings/gerade-geschnittene-hosen/724460624-massimo-dutti-hose-neu
female,kleider,paradiesvogel01,0,ONLY,S / 36 / 8,"16,00 €",https://www.vinted.de/damen/kleidung/kleider/midikleider/724460558-schwarzes-only-kleid-36
female,kleider,paradiesvogel01,1,Morgan,S / 36 / 8,"16,00 €",https://www.vinted.de/damen/kleidung/kleider/kleines-schwarzes/724460534-schwarzes-ausgefallenes-morgan-kleid-xs-s
female,kleider,paradiesvogel01,0,Esprit,S / 36 / 8,"15,00 €",https://www.vinted.de/damen/kleidung/kleider/midikleider/724460483-schwarzes-esprit-kleid-s-spaghettitrager-mesh-pailletten
female,kleider,paradiesvogel01,3,Mexx,M / 38 / 10,"15,00 €",https://www.vinted.de/damen/kleidung/kleider/kleines-schwarzes/724460459-schwarzes-mexx-kleid-m-stretch-pailletten
female,kleider,paradiesvogel01,1,H&M,M / 38 / 10,"8,00 €",https://www.vinted.de/damen/kleidung/kleider/minis/724460391-hm-schwarz-weisses-leo-muster-stretch-kleid-longshirt-m
female,kleider,paradiesvogel01,2,Promod,S / 36 / 8,"10,00 €",https://www.vinted.de/damen/kleidung/kleider/minis/724460368-schwarzes-promod-kleid-mini-stretch-strick-spitze
female,kleider,paradiesvogel01,0,Esprit,S / 36 / 8,"13,00 €",https://www.vinted.de/damen/kleidung/kleider/midikleider/724460350-dunkelbraunes-esprit-kleid-s-stretch
female,kleider,paradiesvogel01,0,qs,M / 38 / 10,"13,00 €",https://www.vinted.de/damen/kleidung/kleider/midikleider/724460331-qs-kleid-stretch-l-grau-schwarz
female,hosen-and-leggings,paradiesvogel01,17,MASSIMO DUTTI,M / 38 / 10,"35,00 €",https://www.vinted.de/damen/kleidung/hosen-and-leggings/gerade-geschnittene-hosen/724460317-massimo-dutti-hose-beige-grau-38
female,absatzschuhe,paradiesvogel01,2,VAN DER LAAN,38,"19,99 €",https://www.vinted.de/damen/schuhe/absatzschuhe/schuhe-mit-keilabsatz/724460239-schwarze-keilpumps-leder
female,absatzschuhe,paradiesvogel01,2,Braun,38,"15,00 €",https://www.vinted.de/damen/schuhe/absatzschuhe/high-heels-and-pumps/724460219-lederpumps-taupe-38
female,absatzschuhe,paradiesvogel01,1,VAN DER LAAN,39,"19,99 €",https://www.vinted.de/damen/schuhe/absatzschuhe/schuhe-mit-keilabsatz/724460203-schwarze-keilpumps-leder-39
female,absatzschuhe,paradiesvogel01,4,Leone,37.5,"12,00 €",https://www.vinted.de/damen/schuhe/absatzschuhe/high-heels-and-pumps/724460143-lederpumps-creme-leone-bunter-absatz
female,sandalen,paradiesvogel01,1,Keine,38,"5,00 €",https://www.vinted.de/damen/schuhe/sandalen/724460115-weisse-sandalen
female,absatzschuhe,paradiesvogel01,1,Zanon & Zago,38,"18,00 €",https://www.vinted.de/damen/schuhe/absatzschuhe/riemchenpumps/724460031-leder-perlmuttweisse-slingpumps-38
female,absatzschuhe,paradiesvogel01,1,Buffalo,38,"8,00 €",https://www.vinted.de/damen/schuhe/absatzschuhe/schuhe-mit-keilabsatz/724460003-buffalo-keilsandalen-weinrot
female,absatzschuhe,paradiesvogel01,0,Leone,38,"19,99 €",https://www.vinted.de/damen/schuhe/absatzschuhe/high-heels-and-pumps/724459959-schwarze-lederpumps-leone-38
female,absatzschuhe,paradiesvogel01,0,Xti,37,"5,00 €",https://www.vinted.de/damen/schuhe/absatzschuhe/schuhe-mit-keilabsatz/724459940-xti-keilsandalen-37-taupe
female,absatzschuhe,paradiesvogel01,4,VAN DER LAAN,39,"19,99 €",https://www.vinted.de/damen/schuhe/absatzschuhe/schuhe-mit-keilabsatz/724459914-beige-keilabsatz-pumps-leder
female,absatzschuhe,paradiesvogel01,10,Peter Kaiser,38,"35,99 €",https://www.vinted.de/damen/schuhe/absatzschuhe/high-heels-and-pumps/724459871-neonpink-farbige-pumps-peter-kaiser-leder
female,absatzschuhe,paradiesvogel01,4,La Bottine Souriante,38,"25,00 €",https://www.vinted.de/damen/schuhe/absatzschuhe/high-heels-and-pumps/724459759-rosefarbene-schuhe
male,kapuzenjacken,maxibabu,25,Smet,M,"49,00 €",https://www.vinted.de/herren/kleidung/pullover-and-sweater/kapuzenjacken/1251537320-smet-y2k-sweater
male,sweater,maxibabu,23,Vintage,S,"45,00 €",https://www.vinted.de/herren/kleidung/pullover-and-sweater/sweater/1251525928-y2k-sweater-boy-unisex
male,sweater,maxibabu,19,Nike,L,"140,00 €",https://www.vinted.de/herren/kleidung/pullover-and-sweater/sweater/1249329617-nike-vintage-spellout-sweater-unisex
male,sweater,maxibabu,10,Nike,L,"95,00 €",https://www.vinted.de/herren/kleidung/pullover-and-sweater/sweater/1248965370-nike-spellout-sweater-unisex-true-vintage
male,sweater,maxibabu,28,Vintage,S,"49,00 €",https://www.vinted.de/herren/kleidung/pullover-and-sweater/sweater/1248955028-y2k-sweater-roadwear-baggy-hiphop-unisex
female,t-shirts,maxibabu,5,Harley Davidson,XS / 34 / 6,"45,00 €",https://www.vinted.de/damen/kleidung/tops-and-t-shirts/t-shirts/1238775678-harley-davidson-top-germany-made-in-usa
female,t-shirts,maxibabu,6,Ed Hardy,M / 38 / 10,"39,00 €",https://www.vinted.de/damen/kleidung/tops-and-t-shirts/t-shirts/1238600479-ed-hardy-unisex-y2k-shirt
male,jeans,maxibabu,5,Johnny Blaze,M,"145,00 €",https://www.vinted.de/herren/kleidung/jeans/gerade-geschnittene-jeans/1236108582-johnny-blaze-y2k-jeans
male,jeans,maxibabu,19,Dolce & Gabbana,L,"105,00 €",https://www.vinted.de/herren/kleidung/jeans/gerade-geschnittene-jeans/1234416597-dolce-gabbana-y2k-jeans-unisex
male,jeans,maxibabu,10,Dolce & Gabbana,L,"95,00 €",https://www.vinted.de/herren/kleidung/jeans/gerade-geschnittene-jeans/1234413814-dolce-gabbana-jeans-y2k-unisex
male,t-shirts,maxibabu,9,Ed Hardy,L,"35,00 €",https://www.vinted.de/herren/kleidung/tops-and-t-shirts/t-shirts/bedruckte-t-shirts/1244623752-ed-hardy-y2k-tee
male,hemden,maxibabu,1,Harley Davidson,L,"49,00 €",https://www.vinted.de/herren/kleidung/tops-and-t-shirts/hemden/bedruckte-hemden/1233548323-harley-davidson-hemd-kurzarm
male,sweater,maxibabu,27,true vintage,L,"45,00 €",https://www.vinted.de/herren/kleidung/pullover-and-sweater/sweater/1232616900-aem-kai-nyc-sweater-y2k
male,t-shirts,maxibabu,9,Lacoste,L,"29,00 €",https://www.vinted.de/herren/kleidung/tops-and-t-shirts/t-shirts/gestreifte-t-shirts/1232498917-lacoste-polo-shirt-streifen-blau-weiss
male,t-shirts,maxibabu,5,Lacoste,XL,"29,00 €",https://www.vinted.de/herren/kleidung/tops-and-t-shirts/t-shirts/polohemden/1232495696-lacoste-polo-schwar-blau-rot
male,t-shirts,maxibabu,5,Harley Davidson,XL,"45,00 €",https://www.vinted.de/herren/kleidung/tops-and-t-shirts/t-shirts/bedruckte-t-shirts/1230833664-harley-davidson-bangkok-thailand-tee
male,sweater,maxibabu,4,Bronx,M,"45,00 €",https://www.vinted.de/herren/kleidung/pullover-and-sweater/sweater/1230558142-bronx-limited-edition-sweater
male,t-shirts,maxibabu,9,peso,M,"55,00 €",https://www.vinted.de/herren/kleidung/tops-and-t-shirts/t-shirts/bedruckte-t-shirts/1230554677-peso-basic-instinct-tee
female,shirts,maxibabu,5,Ralph Lauren,M / 38 / 10,"29,00 €",https://www.vinted.de/damen/kleidung/tops-and-t-shirts/shirts/1230552845-the-skinny-polo-by-ralph-lauren
male,t-shirts,maxibabu,5,Vintage,XXL,"45,00 €",https://www.vinted.de/herren/kleidung/tops-and-t-shirts/t-shirts/bedruckte-t-shirts/1229705443-vintage-harley-tee
female,jeans,maxibabu,2,True Religion,S / 36 / 8,"49,00 €",https://www.vinted.de/damen/kleidung/jeans/rohrenjeans/1229701119-true-religion-jeans
male,t-shirts,maxibabu,3,planet hollywood,XL,"29,00 €",https://www.vinted.de/herren/kleidung/tops-and-t-shirts/t-shirts/bedruckte-t-shirts/1228481283-true-vintage-shirt-bestickt-planet
female,t-shirts,maxibabu,4,Harley Davidson,M / 38 / 10,"54,00 €",https://www.vinted.de/damen/kleidung/tops-and-t-shirts/t-shirts/1228477278-harley-davidson-true-vintage-top
male,hemden,maxibabu,2,true vintage,XL,"35,00 €",https://www.vinted.de/herren/kleidung/tops-and-t-shirts/hemden/jeanshemden/1228468200-flintstone-true-vintage-hemd-kurzarm
female,rocke,maxibabu,25,Fred Perry,S / 36 / 8,"45,00 €",https://www.vinted.de/damen/kleidung/rocke/faltenrocke/1228413352-fred-perry-true-vintage-tennis-rock
male,t-shirts,maxibabu,12,Harley Davidson,L,"69,00 €",https://www.vinted.de/herren/kleidung/tops-and-t-shirts/t-shirts/bedruckte-t-shirts/1228369510-true-vintage-harley-davidson-tee-florida
female,shirts,maxibabu,4,Harley Davidson,M / 38 / 10,"49,00 €",https://www.vinted.de/damen/kleidung/tops-and-t-shirts/shirts/1228348917-das-perfekte-y2k-harley-davidson-top-mit-strass
male,sweater,maxibabu,0,Mickey Mouse,M,"45,00 €",https://www.vinted.de/herren/kleidung/pullover-and-sweater/sweater/1228135545-mickey-mouse-vintage-sweater
male,t-shirts,maxibabu,0,Nike,S,"85,00 €",https://www.vinted.de/herren/kleidung/tops-and-t-shirts/t-shirts/sonstiges/1228130580-trikot-kretzschmar-73-sc-magedburg-nike
male,jacken,maxibabu,17,Nike,XXL,"135,00 €",https://www.vinted.de/herren/kleidung/oberbekleidung/jacken/daunenjacke/1225935748-nike-wendeweste-spellout
male,jacken,maxibabu,11,Ralph Lauren,XL,"120,00 €",https://www.vinted.de/herren/kleidung/oberbekleidung/jacken/harrington-jacken/1225929902-ralph-lauren-casual-jacke-kariert
male,sweater,maxibabu,25,Nike,M,"69,00 €",https://www.vinted.de/herren/kleidung/pullover-and-sweater/sweater/1225925371-nike-sweater-spellout
male,mantel,maxibabu,4,Burberry,L,"245,00 €",https://www.vinted.de/herren/kleidung/oberbekleidung/mantel/trenchcoats/1225914882-burberrys-mantel-novacheck
male,sweater,maxibabu,18,Southpole,L,"74,00 €",https://www.vinted.de/herren/kleidung/pullover-and-sweater/sweater/1225266504-southpol-y2k-sweater
male,jacken,maxibabu,1,Mustang,XL,"85,00 €",https://www.vinted.de/herren/kleidung/oberbekleidung/jacken/jeansjacken/1225261820-vintage-mustang-jeansjacke-mit-etikett
male,t-shirts,maxibabu,9,Guess,L,"85,00 €",https://www.vinted.de/herren/kleidung/tops-and-t-shirts/t-shirts/gestreifte-t-shirts/1225037851-guess-asap-rocky-striped-hype-tee
male,jacken,maxibabu,12,Burberry,M,"235,00 €",https://www.vinted.de/herren/kleidung/oberbekleidung/jacken/bomberjacken/1224367490-burberry-blouson-novacheck
male,sweater,maxibabu,5,Mickey Mouse,L,"85,00 €",https://www.vinted.de/herren/kleidung/pullover-and-sweater/sweater/1224364490-y2k-mickey-mouse-sweater
male,jacken,maxibabu,3,true vintage,M,"185,00 €",https://www.vinted.de/herren/kleidung/oberbekleidung/jacken/bomberjacken/1223131568-planet-hollywood-collegejacke-san-diego
male,jacken,maxibabu,2,planet hollywood,M,"225,00 €",https://www.vinted.de/herren/kleidung/oberbekleidung/jacken/lederjacken/1223127996-planet-hollywood-wendejacke-jackarta
male,jacken,maxibabu,49,Burberry,L,"280,00 €",https://www.vinted.de/herren/kleidung/oberbekleidung/jacken/harrington-jacken/706034466-burberry-ziegen-velour-lederjacke-unisex
male,sweater,maxibabu,45,Versace,L,"120,00 €",https://www.vinted.de/herren/kleidung/pullover-and-sweater/sweater/843137280-versace-sweater
male,jacken,maxibabu,59,Burberry,L,"240,00 €",https://www.vinted.de/herren/kleidung/oberbekleidung/jacken/harrington-jacken/706033953-burberry-ziegenvelour-lederjacke
male,jacken,maxibabu,78,Lacoste,XL,"75,00 €",https://www.vinted.de/herren/kleidung/oberbekleidung/jacken/bomberjacken/706034433-orginal-vintage-lacoste-blouson
male,t-shirts,maxibabu,1,Just Cavalli,XL,"45,00 €",https://www.vinted.de/herren/kleidung/tops-and-t-shirts/t-shirts/polohemden/845233284-just-cavalli-polo-neu-original
female,jacken,maxibabu,24,Burberry,M / 38 / 10,"95,00 €",https://www.vinted.de/damen/kleidung/mantel-and-jacken/jacken/daunenjacke/845226787-burberry-steppjacke
male,jeans,maxibabu,11,Acne,M,"25,00 €",https://www.vinted.de/herren/kleidung/jeans/gerade-geschnittene-jeans/839986515-acne-schwarze-hose-thor
male,oberbekleidung,maxibabu,5,Nike,XXL,"45,00 €",https://www.vinted.de/herren/kleidung/sportartikel/oberbekleidung/838307023-nike-vintage-sportjacke
male,jacken,maxibabu,15,Nike,XL,"34,00 €",https://www.vinted.de/herren/kleidung/oberbekleidung/jacken/leichte-jacken/829152628-nike-sportjacke-trainingsjacke
male,jacken,maxibabu,7,Burberry,XL,"95,00 €",https://www.vinted.de/herren/kleidung/oberbekleidung/jacken/harrington-jacken/827238556-burberry-jacke-vintage
male,sweater,maxibabu,87,Nike,M,"65,00 €",https://www.vinted.de/herren/kleidung/pullover-and-sweater/sweater/823247912-nike-middle-swoosh-sweater-pulli-hoodie
male,jacken,maxibabu,4,Lacoste,M,"95,00 €",https://www.vinted.de/herren/kleidung/oberbekleidung/jacken/leichte-jacken/805107616-vintage-lacoste-blousson-harrington-jacke
male,jacken,maxibabu,11,Puma,L,"55,00 €",https://www.vinted.de/herren/kleidung/oberbekleidung/jacken/lederjacken/805097788-super-seltene-puma-international-vintage-lederjacke
male,jacken,maxibabu,11,CHAPS,M,"75,00 €",https://www.vinted.de/herren/kleidung/oberbekleidung/jacken/harrington-jacken/802888389-polo-by-ralph-lauren-chaps-harrington-jacke-blouson
male,pullover-and-sweater,maxibabu,25,tessitore,L,"33,00 €",https://www.vinted.de/herren/kleidung/pullover-and-sweater/strickjacken/706032525-strickpullover-made-in-italy
male,jacken,maxibabu,16,Live Fast Die Young,M,"69,00 €",https://www.vinted.de/herren/kleidung/oberbekleidung/jacken/jeansjacken/799731334-lfdy-live-fast-die-young-racing-team-jeansjacke
male,t-shirts,maxibabu,32,Helly Hansen,M,"29,00 €",https://www.vinted.de/herren/kleidung/tops-and-t-shirts/t-shirts/bedruckte-t-shirts/706035293-vintage-helly-hansen-shirt
male,hemden,maxibabu,23,Yves Saint Laurent,L,"54,00 €",https://www.vinted.de/herren/kleidung/tops-and-t-shirts/hemden/einfarbige-hemden/706035010-leichtes-ysl-yves-saint-laurent-hemd-kurzarmhemd-limone-unisex-lemon-zitrone
male,t-shirts,maxibabu,45,Hard Rock Café,XL,"49,00 €",https://www.vinted.de/herren/kleidung/tops-and-t-shirts/t-shirts/bedruckte-t-shirts/706034641-hard-rock-cafe-paris-vintage-tee
male,t-shirts,maxibabu,14,planet hollywood,M,"39,00 €",https://www.vinted.de/herren/kleidung/tops-and-t-shirts/t-shirts/bedruckte-t-shirts/706034289-planet-hollywood-disneyland-paris-vintage-shirt
male,t-shirts,maxibabu,14,Coca Cola,L,"39,00 €",https://www.vinted.de/herren/kleidung/tops-and-t-shirts/t-shirts/bedruckte-t-shirts/706033335-vintage-coca-cola-shirt-limited-edition-eisbar
male,t-shirts,maxibabu,22,Hard Rock Café,M,"45,00 €",https://www.vinted.de/herren/kleidung/tops-and-t-shirts/t-shirts/bedruckte-t-shirts/706034254-hard-rock-cafe-san-fransico
