uz1111,3,XL,Replay,"8,00 €",https://www.vinted.de/herren/kleidung/tops-and-t-shirts/t-shirts/bedruckte-t-shirts/1234463126-replay-t-shirt-xl,https://www.vinted.de/member/65706702-uz1111
illz,15,XL,Vintage,"35,00 €",https://www.vinted.de/herren/kleidung/tops-and-t-shirts/t-shirts/bedruckte-t-shirts/1234286974-vintage-hard-rock-cafe-t-shirt-size-xl-san-francisco,https://www.vinted.de/member/43707297-illz
martymcfly14700,3,XS,Kith,"79,00 €",https://www.vinted.de/herren/kleidung/tops-and-t-shirts/t-shirts/bedruckte-t-shirts/1209635895-kith-x-notorious-big-after-death-teeshirt-xs-black,https://www.vinted.de/member/43844982-martymcfly14700
uncle_dan,18,M,Vintage,"35,00 €",https://www.vinted.de/herren/kleidung/tops-and-t-shirts/t-shirts/bedruckte-t-shirts/1233414500-vintage-tshirt-paris,https://www.vinted.de/member/65661162-uncledan
nloew,21,M,6pm,"60,00 €",https://www.vinted.de/herren/kleidung/tops-and-t-shirts/t-shirts/sonstiges/1238086233-6pm-t-shirt,https://www.vinted.de/member/43787172-nloew
nloew,4,L,Vintage,"250,00 €",https://www.vinted.de/herren/kleidung/tops-and-t-shirts/t-shirts/bedruckte-t-shirts/1238123052-orginal-pink-floyd-t-shirt,https://www.vinted.de/member/43787172-nloew
gianluca6,7,M,Neighborhood,"40,00 €",https://www.vinted.de/herren/kleidung/tops-and-t-shirts/t-shirts/bedruckte-t-shirts/1234308984-schwarzes-neighborhood-t-shirt,https://www.vinted.de/member/65688012-gianluca6
paul37249,2,L,peso,"115,00 €",https://www.vinted.de/herren/kleidung/tops-and-t-shirts/hemden/einfarbige-hemden/1239700453-peso-velvet-overshirt-l,https://www.vinted.de/member/65509873-paul37249
resell77,11,L,peso,"65,00 €",https://www.vinted.de/herren/kleidung/tops-and-t-shirts/t-shirts/bedruckte-t-shirts/1238109185-peso-shirt-chrome-tee-gr-l,https://www.vinted.de/member/65829709-resell77
luna0608,0,L,Mustang,"12,00 €",https://www.vinted.de/herren/kleidung/tops-and-t-shirts/hemden/karierte-hemden/1220383444-schickes-kariertes-hemd-gr-l-von-mustang,https://www.vinted.de/member/43136710-luna0608
katju99,11,L,Pull & Bear,"10,00 €",https://www.vinted.de/herren/kleidung/tops-and-t-shirts/hemden/jeanshemden/1228481256-jeans-hemd-schwarz,https://www.vinted.de/member/49202314-katju99
jonas_089,20,L,Esprit,"40,00 €",https://www.vinted.de/herren/kleidung/tops-and-t-shirts/hemden/karierte-hemden/709947472-weiss-blau-kariertes-esprit-baumwolle-hemd,https://www.vinted.de/member/43923541-jonas089
play4wy,4,XL,Hanes,"45,00 €",https://www.vinted.de/herren/kleidung/tops-and-t-shirts/t-shirts/bedruckte-t-shirts/1232801811-licensed-micheal-jackson-t-shirt-xl,https://www.vinted.de/member/46154196-play4wy
tinwiekris,1,XL,FSBN,"5,00 €",https://www.vinted.de/herren/kleidung/tops-and-t-shirts/t-shirts/bedruckte-t-shirts/873952926-herrenshirts,https://www.vinted.de/member/51572430-tinwiekris
felix_l_b,7,XL,Travis Scott,"100,00 €",https://www.vinted.de/herren/kleidung/tops-and-t-shirts/t-shirts/bedruckte-t-shirts/1222599603-cactus-jack-x-mcdonalds-t-shirt,https://www.vinted.de/member/44015092-felixlb
julianfriedle,16,L,peso,"70,00 €",https://www.vinted.de/herren/kleidung/tops-and-t-shirts/t-shirts/bedruckte-t-shirts/1216863119-peso-explicit-white-tee,https://www.vinted.de/member/44339792-julianfriedle
iamlizacole,24,XL,Hard Rock Café,"35,00 €",https://www.vinted.de/herren/kleidung/tops-and-t-shirts/t-shirts/einfarbige-t-shirts/1233798711-vintage-oversized-hardrock-cafe-shirt-unisex,https://www.vinted.de/member/56847770-iamlizacole
lisl1706,9,XL,Wood Wood,"42,00 €",https://www.vinted.de/herren/kleidung/tops-and-t-shirts/hemden/bedruckte-hemden/1238075198-sommerliches-hemd-wood-wood,https://www.vinted.de/member/43518845-lisl1706
robinunger1212,0,M,Roberto geissini,"35,95 €",https://www.vinted.de/herren/kleidung/tops-and-t-shirts/t-shirts/bedruckte-t-shirts/1197879786-t-shirt-von-robert-geissen,https://www.vinted.de/member/63381584-robinunger1212
damian.s98,10,S,peso,"65,00 €",https://www.vinted.de/herren/kleidung/tops-and-t-shirts/t-shirts/bedruckte-t-shirts/1239085978-peso-chrome-tee,https://www.vinted.de/member/45348533-damians98
premiummenswear,6,M,Nike,"18,00 €",https://www.vinted.de/herren/kleidung/tops-and-t-shirts/t-shirts/bedruckte-t-shirts/1235850472-weisse-t-shirt-grosse-m,https://www.vinted.de/member/44534765-premiummenswear
dnny.y,11,L,,"18,00 €",https://www.vinted.de/herren/kleidung/tops-and-t-shirts/t-shirts/bedruckte-t-shirts/1215266935-skater-baby-the-beginning-learning-by-doing-tony,https://www.vinted.de/member/44776521-dnnyy
maxpanda,0,S,Fred Perry,"20,00 €",https://www.vinted.de/herren/kleidung/tops-and-t-shirts/t-shirts/polohemden/1230601863-fred-perry-polo,https://www.vinted.de/member/43526093-maxpanda
vvvv22,2,L,EVANAxDESIGN,"1,00 €",https://www.vinted.de/herren/kleidung/tops-and-t-shirts/t-shirts/bedruckte-t-shirts/1230897332-t-shirts-zum-geburtstag-und-mehr-bei-etsy,https://www.vinted.de/member/46911933-vvvv22
